account_id,plan_type,contract_type,region,seats
ACC_0001,Basic,Monthly,NA,12
ACC_0002,Enterprise,Annual,APAC,10
ACC_0003,Basic,Monthly,EU,3
ACC_0004,Basic,Monthly,EU,17
ACC_0005,Basic,Monthly,EU,13
ACC_0006,Enterprise,Monthly,EU,5
ACC_0007,Basic,Monthly,EU,4
ACC_0008,Pro,Annual,NA,10
ACC_0009,Pro,Monthly,NA,4
ACC_0010,Pro,Annual,NA,6
ACC_0011,Enterprise,Monthly,NA,2
ACC_0012,Pro,Annual,EU,4
ACC_0013,Enterprise,Annual,NA,9
ACC_0014,Basic,Monthly,NA,12
ACC_0015,Pro,Monthly,NA,2
ACC_0016,Basic,Monthly,NA,15
ACC_0017,Basic,Annual,EU,13
ACC_0018,Pro,Monthly,EU,2
ACC_0019,Enterprise,Monthly,NA,4
ACC_0020,Pro,Monthly,NA,2
ACC_0021,Basic,Annual,NA,3
ACC_0022,Basic,Monthly,NA,6
ACC_0023,Basic,Monthly,EU,2
ACC_0024,Basic,Annual,EU,4
ACC_0025,Basic,Monthly,NA,5
ACC_0026,Basic,Annual,NA,4
ACC_0027,Basic,Monthly,APAC,6
ACC_0028,Pro,Monthly,EU,10
ACC_0029,Basic,Annual,NA,2
ACC_0030,Enterprise,Monthly,NA,9
ACC_0031,Pro,Monthly,NA,14
ACC_0032,Basic,Monthly,APAC,3
ACC_0033,Basic,Monthly,NA,5
ACC_0034,Basic,Monthly,NA,2
ACC_0035,Enterprise,Monthly,APAC,5
ACC_0036,Basic,Monthly,EU,5
ACC_0037,Basic,Monthly,NA,3
ACC_0038,Enterprise,Monthly,NA,5
ACC_0039,Enterprise,Monthly,NA,2
ACC_0040,Basic,Monthly,EU,2
ACC_0041,Basic,Monthly,NA,5
ACC_0042,Basic,Annual,APAC,4
ACC_0043,Basic,Monthly,APAC,12
ACC_0044,Basic,Monthly,NA,5
ACC_0045,Pro,Monthly,EU,5
ACC_0046,Enterprise,Annual,NA,3
ACC_0047,Basic,Monthly,NA,6
ACC_0048,Pro,Monthly,EU,3
ACC_0049,Basic,Monthly,NA,7
ACC_0050,Pro,Monthly,NA,3
ACC_0051,Pro,Annual,NA,6
ACC_0052,Pro,Annual,NA,3
ACC_0053,Enterprise,Monthly,NA,4
ACC_0054,Basic,Annual,EU,5
ACC_0055,Basic,Monthly,EU,4
ACC_0056,Basic,Monthly,EU,6
ACC_0057,Basic,Annual,EU,2
ACC_0058,Enterprise,Monthly,NA,2
ACC_0059,Basic,Monthly,EU,5
ACC_0060,Pro,Monthly,NA,2
ACC_0061,Basic,Annual,NA,4
ACC_0062,Basic,Monthly,APAC,5
ACC_0063,Basic,Monthly,NA,3
ACC_0064,Pro,Monthly,NA,3
ACC_0065,Pro,Monthly,NA,6
ACC_0066,Basic,Monthly,NA,2
ACC_0067,Basic,Annual,NA,21
ACC_0068,Pro,Annual,NA,6
ACC_0069,Basic,Annual,APAC,5
ACC_0070,Enterprise,Annual,NA,15
ACC_0071,Basic,Monthly,NA,5
ACC_0072,Basic,Monthly,NA,4
ACC_0073,Basic,Monthly,EU,4
ACC_0074,Basic,Monthly,NA,6
ACC_0075,Basic,Annual,NA,5
ACC_0076,Basic,Monthly,NA,3
ACC_0077,Enterprise,Annual,EU,4
ACC_0078,Basic,Monthly,EU,14
ACC_0079,Basic,Monthly,EU,5
ACC_0080,Basic,Monthly,EU,4
ACC_0081,Basic,Monthly,NA,2
ACC_0082,Pro,Monthly,NA,5
ACC_0083,Basic,Monthly,NA,5
ACC_0084,Pro,Monthly,NA,2
ACC_0085,Basic,Annual,NA,5
ACC_0086,Enterprise,Monthly,NA,2
ACC_0087,Basic,Monthly,NA,5
ACC_0088,Pro,Annual,EU,8
ACC_0089,Basic,Monthly,NA,4
ACC_0090,Basic,Annual,EU,3
ACC_0091,Pro,Annual,EU,2
ACC_0092,Pro,Monthly,NA,6
ACC_0093,Pro,Monthly,NA,7
ACC_0094,Basic,Monthly,EU,2
ACC_0095,Pro,Annual,EU,4
ACC_0096,Pro,Annual,NA,6
ACC_0097,Pro,Annual,NA,6
ACC_0098,Basic,Monthly,EU,3
ACC_0099,Pro,Monthly,EU,6
ACC_0100,Pro,Monthly,NA,4
ACC_0101,Enterprise,Annual,NA,7
ACC_0102,Basic,Monthly,APAC,6
ACC_0103,Basic,Monthly,NA,3
ACC_0104,Pro,Monthly,APAC,2
ACC_0105,Basic,Annual,NA,3
ACC_0106,Pro,Annual,NA,5
ACC_0107,Basic,Monthly,NA,9
ACC_0108,Basic,Monthly,NA,7
ACC_0109,Pro,Monthly,APAC,3
ACC_0110,Basic,Monthly,NA,2
ACC_0111,Basic,Monthly,APAC,3
ACC_0112,Pro,Monthly,NA,14
ACC_0113,Pro,Monthly,APAC,3
ACC_0114,Pro,Monthly,APAC,6
ACC_0115,Basic,Monthly,EU,6
ACC_0116,Basic,Monthly,NA,9
ACC_0117,Enterprise,Annual,EU,4
ACC_0118,Basic,Monthly,NA,2
ACC_0119,Basic,Annual,APAC,18
ACC_0120,Basic,Monthly,NA,6
ACC_0121,Basic,Monthly,NA,9
ACC_0122,Pro,Monthly,NA,6
ACC_0123,Pro,Monthly,EU,2
ACC_0124,Pro,Monthly,APAC,5
ACC_0125,Basic,Monthly,NA,6
ACC_0126,Basic,Annual,EU,2
ACC_0127,Basic,Monthly,APAC,2
ACC_0128,Basic,Monthly,NA,6
ACC_0129,Basic,Monthly,NA,2
ACC_0130,Basic,Monthly,EU,6
ACC_0131,Basic,Annual,EU,3
ACC_0132,Pro,Annual,NA,12
ACC_0133,Pro,Monthly,EU,3
ACC_0134,Basic,Monthly,NA,9
ACC_0135,Basic,Monthly,APAC,23
ACC_0136,Pro,Monthly,APAC,4
ACC_0137,Pro,Annual,EU,2
ACC_0138,Pro,Annual,NA,3
ACC_0139,Basic,Monthly,NA,6
ACC_0140,Pro,Monthly,NA,2
ACC_0141,Basic,Monthly,NA,5
ACC_0142,Basic,Monthly,EU,4
ACC_0143,Basic,Monthly,NA,7
ACC_0144,Basic,Monthly,NA,5
ACC_0145,Basic,Annual,NA,4
ACC_0146,Basic,Monthly,NA,8
ACC_0147,Pro,Monthly,NA,6
ACC_0148,Basic,Monthly,EU,3
ACC_0149,Basic,Monthly,EU,3
ACC_0150,Basic,Annual,NA,6
ACC_0151,Basic,Monthly,APAC,11
ACC_0152,Basic,Annual,APAC,2
ACC_0153,Basic,Annual,NA,6
ACC_0154,Basic,Monthly,EU,2
ACC_0155,Pro,Monthly,NA,2
ACC_0156,Enterprise,Annual,NA,6
ACC_0157,Basic,Monthly,NA,13
ACC_0158,Pro,Monthly,NA,6
ACC_0159,Pro,Annual,APAC,14
ACC_0160,Enterprise,Annual,APAC,2
ACC_0161,Pro,Monthly,EU,9
ACC_0162,Pro,Monthly,EU,5
ACC_0163,Enterprise,Monthly,EU,5
ACC_0164,Pro,Annual,APAC,12
ACC_0165,Basic,Monthly,NA,3
ACC_0166,Basic,Monthly,NA,4
ACC_0167,Basic,Monthly,EU,2
ACC_0168,Basic,Annual,NA,12
ACC_0169,Basic,Annual,NA,4
ACC_0170,Basic,Monthly,NA,3
ACC_0171,Pro,Monthly,EU,6
ACC_0172,Pro,Annual,NA,6
ACC_0173,Pro,Annual,NA,4
ACC_0174,Basic,Monthly,NA,4
ACC_0175,Basic,Monthly,NA,9
ACC_0176,Pro,Monthly,APAC,3
ACC_0177,Pro,Monthly,NA,12
ACC_0178,Enterprise,Monthly,EU,2
ACC_0179,Pro,Monthly,EU,4
ACC_0180,Pro,Monthly,NA,2
ACC_0181,Basic,Annual,EU,2
ACC_0182,Basic,Monthly,EU,2
ACC_0183,Basic,Monthly,EU,4
ACC_0184,Pro,Monthly,NA,5
ACC_0185,Enterprise,Monthly,NA,6
ACC_0186,Basic,Monthly,APAC,11
ACC_0187,Pro,Monthly,EU,11
ACC_0188,Basic,Monthly,APAC,2
ACC_0189,Basic,Monthly,APAC,3
ACC_0190,Basic,Annual,NA,3
ACC_0191,Basic,Monthly,EU,3
ACC_0192,Enterprise,Annual,NA,2
ACC_0193,Basic,Annual,EU,6
ACC_0194,Pro,Annual,NA,7
ACC_0195,Pro,Monthly,NA,4
ACC_0196,Basic,Monthly,EU,6
ACC_0197,Basic,Monthly,EU,14
ACC_0198,Pro,Monthly,EU,29
ACC_0199,Basic,Monthly,NA,12
ACC_0200,Enterprise,Annual,NA,5
ACC_0201,Basic,Monthly,APAC,13
ACC_0202,Pro,Annual,NA,2
ACC_0203,Pro,Monthly,NA,6
ACC_0204,Basic,Monthly,EU,6
ACC_0205,Basic,Monthly,NA,5
ACC_0206,Enterprise,Monthly,EU,5
ACC_0207,Basic,Monthly,NA,4
ACC_0208,Basic,Monthly,EU,4
ACC_0209,Basic,Monthly,APAC,3
ACC_0210,Basic,Monthly,APAC,3
ACC_0211,Pro,Monthly,EU,4
ACC_0212,Pro,Annual,NA,3
ACC_0213,Basic,Monthly,EU,5
ACC_0214,Pro,Monthly,EU,15
ACC_0215,Basic,Monthly,EU,5
ACC_0216,Basic,Monthly,EU,3
ACC_0217,Pro,Monthly,EU,11
ACC_0218,Enterprise,Monthly,EU,12
ACC_0219,Basic,Annual,EU,5
ACC_0220,Basic,Monthly,NA,5
ACC_0221,Basic,Monthly,NA,2
ACC_0222,Pro,Monthly,EU,3
ACC_0223,Basic,Monthly,NA,15
ACC_0224,Basic,Monthly,APAC,2
ACC_0225,Pro,Monthly,EU,5
ACC_0226,Basic,Monthly,NA,5
ACC_0227,Basic,Monthly,EU,13
ACC_0228,Basic,Annual,EU,18
ACC_0229,Basic,Monthly,EU,10
ACC_0230,Basic,Monthly,NA,12
ACC_0231,Pro,Monthly,APAC,15
ACC_0232,Pro,Monthly,NA,6
ACC_0233,Pro,Monthly,EU,2
ACC_0234,Enterprise,Monthly,NA,2
ACC_0235,Basic,Annual,EU,2
ACC_0236,Basic,Monthly,EU,4
ACC_0237,Enterprise,Monthly,EU,5
ACC_0238,Basic,Annual,NA,11
ACC_0239,Pro,Annual,EU,11
ACC_0240,Pro,Monthly,EU,4
ACC_0241,Basic,Monthly,NA,14
ACC_0242,Basic,Monthly,APAC,2
ACC_0243,Basic,Annual,EU,4
ACC_0244,Basic,Monthly,APAC,5
ACC_0245,Basic,Annual,APAC,8
ACC_0246,Basic,Monthly,APAC,5
ACC_0247,Pro,Annual,EU,14
ACC_0248,Enterprise,Monthly,EU,5
ACC_0249,Pro,Monthly,NA,4
ACC_0250,Basic,Monthly,NA,3
ACC_0251,Basic,Monthly,EU,2
ACC_0252,Basic,Monthly,NA,6
ACC_0253,Basic,Monthly,APAC,2
ACC_0254,Enterprise,Monthly,NA,5
ACC_0255,Basic,Monthly,NA,10
ACC_0256,Basic,Annual,NA,5
ACC_0257,Pro,Annual,NA,5
ACC_0258,Basic,Monthly,NA,6
ACC_0259,Basic,Monthly,NA,22
ACC_0260,Basic,Monthly,EU,8
ACC_0261,Pro,Annual,NA,2
ACC_0262,Pro,Monthly,NA,2
ACC_0263,Basic,Monthly,NA,4
ACC_0264,Enterprise,Annual,NA,2
ACC_0265,Pro,Annual,NA,10
ACC_0266,Pro,Monthly,EU,3
ACC_0267,Basic,Monthly,EU,2
ACC_0268,Basic,Monthly,NA,9
ACC_0269,Pro,Annual,EU,11
ACC_0270,Basic,Monthly,NA,17
ACC_0271,Pro,Monthly,NA,13
ACC_0272,Pro,Monthly,APAC,9
ACC_0273,Basic,Monthly,NA,5
ACC_0274,Pro,Monthly,APAC,6
ACC_0275,Enterprise,Monthly,NA,5
ACC_0276,Pro,Annual,NA,7
ACC_0277,Basic,Annual,NA,3
ACC_0278,Pro,Monthly,NA,3
ACC_0279,Basic,Annual,APAC,14
ACC_0280,Pro,Monthly,NA,8
ACC_0281,Pro,Monthly,APAC,6
ACC_0282,Pro,Monthly,APAC,2
ACC_0283,Basic,Annual,EU,6
ACC_0284,Basic,Annual,NA,12
ACC_0285,Basic,Annual,NA,3
ACC_0286,Basic,Annual,NA,6
ACC_0287,Basic,Annual,EU,15
ACC_0288,Pro,Monthly,NA,15
ACC_0289,Basic,Annual,APAC,6
ACC_0290,Pro,Monthly,EU,6
ACC_0291,Enterprise,Monthly,NA,2
ACC_0292,Basic,Monthly,EU,2
ACC_0293,Pro,Monthly,NA,4
ACC_0294,Pro,Monthly,APAC,12
ACC_0295,Basic,Monthly,NA,6
ACC_0296,Basic,Monthly,APAC,5
ACC_0297,Pro,Monthly,EU,2
ACC_0298,Enterprise,Annual,APAC,26
ACC_0299,Pro,Monthly,NA,4
ACC_0300,Enterprise,Monthly,EU,2
ACC_0301,Enterprise,Monthly,NA,3
ACC_0302,Basic,Monthly,EU,6
ACC_0303,Pro,Monthly,NA,3
ACC_0304,Basic,Annual,NA,2
ACC_0305,Enterprise,Monthly,NA,24
ACC_0306,Basic,Annual,NA,11
ACC_0307,Basic,Annual,NA,6
ACC_0308,Pro,Monthly,EU,4
ACC_0309,Basic,Annual,NA,11
ACC_0310,Pro,Monthly,EU,3
ACC_0311,Basic,Annual,NA,3
ACC_0312,Enterprise,Annual,EU,12
ACC_0313,Pro,Annual,EU,4
ACC_0314,Basic,Monthly,NA,4
ACC_0315,Pro,Annual,EU,2
ACC_0316,Basic,Annual,APAC,2
ACC_0317,Pro,Monthly,EU,2
ACC_0318,Pro,Annual,NA,3
ACC_0319,Pro,Annual,NA,4
ACC_0320,Basic,Monthly,EU,5
ACC_0321,Basic,Annual,NA,6
ACC_0322,Pro,Monthly,EU,3
ACC_0323,Pro,Monthly,NA,6
ACC_0324,Basic,Monthly,EU,2
ACC_0325,Basic,Monthly,NA,2
ACC_0326,Basic,Annual,NA,3
ACC_0327,Pro,Monthly,APAC,4
ACC_0328,Basic,Monthly,APAC,5
ACC_0329,Basic,Monthly,APAC,5
ACC_0330,Enterprise,Monthly,APAC,9
ACC_0331,Basic,Annual,NA,2
ACC_0332,Pro,Annual,NA,4
ACC_0333,Basic,Monthly,NA,6
ACC_0334,Pro,Monthly,NA,4
ACC_0335,Pro,Monthly,NA,8
ACC_0336,Pro,Monthly,APAC,6
ACC_0337,Basic,Monthly,NA,3
ACC_0338,Basic,Monthly,NA,5
ACC_0339,Pro,Monthly,NA,10
ACC_0340,Basic,Monthly,NA,4
ACC_0341,Basic,Monthly,NA,6
ACC_0342,Basic,Monthly,EU,6
ACC_0343,Enterprise,Annual,NA,4
ACC_0344,Pro,Annual,EU,3
ACC_0345,Pro,Monthly,APAC,2
ACC_0346,Pro,Annual,EU,5
ACC_0347,Basic,Annual,EU,13
ACC_0348,Basic,Monthly,NA,6
ACC_0349,Basic,Monthly,NA,3
ACC_0350,Pro,Monthly,NA,5
ACC_0351,Basic,Annual,APAC,4
ACC_0352,Pro,Monthly,EU,30
ACC_0353,Pro,Monthly,NA,10
ACC_0354,Basic,Monthly,NA,3
ACC_0355,Pro,Monthly,EU,5
ACC_0356,Basic,Annual,EU,3
ACC_0357,Enterprise,Monthly,EU,5
ACC_0358,Enterprise,Annual,APAC,3
ACC_0359,Enterprise,Annual,EU,5
ACC_0360,Basic,Annual,EU,8
ACC_0361,Basic,Monthly,NA,30
ACC_0362,Basic,Annual,NA,12
ACC_0363,Basic,Monthly,APAC,25
ACC_0364,Basic,Monthly,EU,2
ACC_0365,Basic,Annual,NA,3
ACC_0366,Enterprise,Monthly,EU,7
ACC_0367,Basic,Monthly,NA,4
ACC_0368,Basic,Monthly,EU,4
ACC_0369,Pro,Annual,NA,3
ACC_0370,Pro,Annual,EU,6
ACC_0371,Pro,Monthly,NA,2
ACC_0372,Pro,Annual,NA,3
ACC_0373,Pro,Monthly,NA,5
ACC_0374,Pro,Monthly,EU,4
ACC_0375,Basic,Monthly,NA,6
ACC_0376,Pro,Annual,NA,6
ACC_0377,Basic,Monthly,EU,4
ACC_0378,Basic,Monthly,NA,13
ACC_0379,Basic,Monthly,NA,5
ACC_0380,Basic,Annual,NA,3
ACC_0381,Pro,Monthly,APAC,6
ACC_0382,Basic,Monthly,NA,6
ACC_0383,Basic,Annual,NA,13
ACC_0384,Basic,Monthly,NA,6
ACC_0385,Pro,Monthly,NA,9
ACC_0386,Basic,Monthly,NA,12
ACC_0387,Pro,Annual,NA,4
ACC_0388,Pro,Monthly,NA,4
ACC_0389,Basic,Monthly,NA,2
ACC_0390,Pro,Monthly,APAC,10
ACC_0391,Basic,Annual,NA,3
ACC_0392,Basic,Annual,NA,2
ACC_0393,Pro,Monthly,APAC,3
ACC_0394,Enterprise,Monthly,APAC,7
ACC_0395,Basic,Annual,EU,4
ACC_0396,Pro,Monthly,NA,3
ACC_0397,Basic,Monthly,NA,4
ACC_0398,Pro,Monthly,NA,3
ACC_0399,Pro,Monthly,NA,5
ACC_0400,Pro,Monthly,NA,6
ACC_0401,Pro,Monthly,EU,6
ACC_0402,Basic,Monthly,NA,13
ACC_0403,Pro,Monthly,EU,3
ACC_0404,Pro,Annual,NA,15
ACC_0405,Pro,Monthly,NA,7
ACC_0406,Basic,Monthly,EU,2
ACC_0407,Basic,Annual,APAC,5
ACC_0408,Basic,Monthly,NA,4
ACC_0409,Basic,Annual,EU,17
ACC_0410,Basic,Monthly,NA,6
ACC_0411,Basic,Annual,NA,6
ACC_0412,Pro,Monthly,EU,5
ACC_0413,Basic,Monthly,NA,3
ACC_0414,Pro,Monthly,NA,7
ACC_0415,Basic,Monthly,NA,6
ACC_0416,Pro,Monthly,NA,6
ACC_0417,Basic,Annual,NA,19
ACC_0418,Basic,Annual,NA,10
ACC_0419,Pro,Monthly,APAC,3
ACC_0420,Enterprise,Annual,EU,11
ACC_0421,Basic,Annual,NA,11
ACC_0422,Basic,Annual,NA,6
ACC_0423,Pro,Monthly,EU,6
ACC_0424,Pro,Monthly,NA,2
ACC_0425,Basic,Monthly,NA,5
ACC_0426,Basic,Monthly,EU,13
ACC_0427,Basic,Annual,NA,13
ACC_0428,Enterprise,Monthly,NA,13
ACC_0429,Basic,Monthly,NA,6
ACC_0430,Basic,Monthly,NA,3
ACC_0431,Enterprise,Annual,NA,10
ACC_0432,Basic,Monthly,APAC,2
ACC_0433,Basic,Monthly,NA,4
ACC_0434,Basic,Annual,EU,2
ACC_0435,Basic,Annual,EU,12
ACC_0436,Basic,Monthly,NA,5
ACC_0437,Basic,Annual,NA,11
ACC_0438,Pro,Annual,NA,10
ACC_0439,Pro,Monthly,EU,5
ACC_0440,Basic,Annual,NA,4
ACC_0441,Pro,Monthly,EU,4
ACC_0442,Basic,Monthly,APAC,6
ACC_0443,Enterprise,Monthly,EU,5
ACC_0444,Basic,Monthly,APAC,3
ACC_0445,Pro,Monthly,EU,11
ACC_0446,Basic,Monthly,APAC,6
ACC_0447,Pro,Monthly,EU,4
ACC_0448,Basic,Monthly,EU,2
ACC_0449,Pro,Monthly,EU,28
ACC_0450,Basic,Monthly,APAC,5
ACC_0451,Enterprise,Monthly,NA,4
ACC_0452,Basic,Monthly,EU,6
ACC_0453,Pro,Monthly,NA,2
ACC_0454,Pro,Annual,APAC,3
ACC_0455,Enterprise,Monthly,NA,4
ACC_0456,Basic,Annual,EU,2
ACC_0457,Basic,Monthly,EU,6
ACC_0458,Basic,Annual,APAC,3
ACC_0459,Basic,Annual,NA,30
ACC_0460,Pro,Annual,EU,5
ACC_0461,Enterprise,Monthly,EU,3
ACC_0462,Enterprise,Monthly,APAC,6
ACC_0463,Basic,Monthly,APAC,6
ACC_0464,Pro,Monthly,EU,6
ACC_0465,Pro,Annual,EU,3
ACC_0466,Enterprise,Annual,NA,4
ACC_0467,Basic,Monthly,APAC,6
ACC_0468,Basic,Monthly,NA,3
ACC_0469,Pro,Monthly,EU,3
ACC_0470,Basic,Monthly,EU,6
ACC_0471,Basic,Monthly,NA,3
ACC_0472,Enterprise,Monthly,NA,14
ACC_0473,Enterprise,Annual,NA,6
ACC_0474,Enterprise,Monthly,APAC,23
ACC_0475,Pro,Monthly,NA,3
ACC_0476,Basic,Monthly,NA,14
ACC_0477,Basic,Annual,EU,11
ACC_0478,Basic,Monthly,NA,2
ACC_0479,Pro,Monthly,APAC,4
ACC_0480,Basic,Monthly,NA,25
ACC_0481,Pro,Monthly,NA,6
ACC_0482,Basic,Monthly,NA,4
ACC_0483,Pro,Monthly,NA,27
ACC_0484,Basic,Monthly,NA,2
ACC_0485,Basic,Annual,EU,4
ACC_0486,Basic,Monthly,NA,2
ACC_0487,Basic,Monthly,NA,5
ACC_0488,Pro,Monthly,NA,3
ACC_0489,Basic,Annual,NA,5
ACC_0490,Basic,Annual,APAC,3
ACC_0491,Pro,Annual,NA,4
ACC_0492,Pro,Monthly,APAC,3
ACC_0493,Basic,Monthly,NA,3
ACC_0494,Basic,Annual,NA,4
ACC_0495,Basic,Annual,NA,4
ACC_0496,Pro,Monthly,NA,6
ACC_0497,Basic,Monthly,EU,3
ACC_0498,Basic,Monthly,NA,4
ACC_0499,Basic,Annual,NA,4
ACC_0500,Pro,Monthly,EU,14
ACC_0501,Basic,Monthly,EU,3
ACC_0502,Pro,Monthly,APAC,3
ACC_0503,Basic,Monthly,APAC,6
ACC_0504,Pro,Monthly,EU,5
ACC_0505,Basic,Monthly,EU,3
ACC_0506,Basic,Annual,EU,6
ACC_0507,Basic,Monthly,NA,6
ACC_0508,Pro,Monthly,EU,5
ACC_0509,Pro,Monthly,NA,3
ACC_0510,Basic,Monthly,EU,8
ACC_0511,Basic,Monthly,APAC,6
ACC_0512,Enterprise,Monthly,NA,2
ACC_0513,Basic,Monthly,EU,5
ACC_0514,Basic,Annual,APAC,5
ACC_0515,Basic,Monthly,NA,3
ACC_0516,Pro,Monthly,NA,12
ACC_0517,Pro,Monthly,APAC,3
ACC_0518,Pro,Annual,APAC,6
ACC_0519,Enterprise,Monthly,NA,6
ACC_0520,Basic,Annual,NA,13
ACC_0521,Basic,Annual,EU,3
ACC_0522,Basic,Monthly,NA,6
ACC_0523,Basic,Monthly,NA,6
ACC_0524,Basic,Annual,NA,6
ACC_0525,Basic,Monthly,NA,8
ACC_0526,Basic,Monthly,EU,9
ACC_0527,Pro,Monthly,EU,3
ACC_0528,Basic,Monthly,EU,3
ACC_0529,Basic,Monthly,EU,6
ACC_0530,Pro,Monthly,NA,2
ACC_0531,Pro,Monthly,NA,3
ACC_0532,Pro,Monthly,NA,2
ACC_0533,Pro,Monthly,NA,6
ACC_0534,Pro,Annual,NA,5
ACC_0535,Basic,Monthly,NA,2
ACC_0536,Basic,Monthly,NA,6
ACC_0537,Pro,Monthly,NA,5
ACC_0538,Basic,Monthly,EU,2
ACC_0539,Basic,Monthly,EU,5
ACC_0540,Basic,Monthly,APAC,23
ACC_0541,Basic,Monthly,EU,6
ACC_0542,Basic,Monthly,EU,16
ACC_0543,Basic,Monthly,NA,3
ACC_0544,Pro,Monthly,EU,8
ACC_0545,Enterprise,Monthly,NA,10
ACC_0546,Basic,Monthly,NA,4
ACC_0547,Enterprise,Monthly,NA,5
ACC_0548,Basic,Monthly,NA,2
ACC_0549,Enterprise,Monthly,NA,3
ACC_0550,Enterprise,Monthly,EU,12
ACC_0551,Basic,Monthly,EU,2
ACC_0552,Pro,Monthly,EU,4
ACC_0553,Enterprise,Annual,EU,14
ACC_0554,Enterprise,Monthly,NA,3
ACC_0555,Enterprise,Monthly,NA,4
ACC_0556,Pro,Monthly,EU,3
ACC_0557,Basic,Annual,NA,5
ACC_0558,Pro,Monthly,NA,12
ACC_0559,Pro,Monthly,NA,18
ACC_0560,Pro,Annual,APAC,4
ACC_0561,Basic,Monthly,EU,2
ACC_0562,Pro,Annual,NA,5
ACC_0563,Basic,Monthly,EU,6
ACC_0564,Pro,Monthly,NA,7
ACC_0565,Basic,Monthly,NA,2
ACC_0566,Pro,Monthly,NA,5
ACC_0567,Pro,Annual,NA,19
ACC_0568,Basic,Monthly,EU,2
ACC_0569,Basic,Annual,NA,15
ACC_0570,Basic,Monthly,EU,6
ACC_0571,Enterprise,Monthly,NA,6
ACC_0572,Pro,Annual,EU,13
ACC_0573,Basic,Monthly,EU,4
ACC_0574,Basic,Annual,EU,4
ACC_0575,Basic,Monthly,EU,4
ACC_0576,Basic,Annual,APAC,5
ACC_0577,Enterprise,Monthly,NA,5
ACC_0578,Pro,Monthly,EU,15
ACC_0579,Basic,Monthly,EU,11
ACC_0580,Pro,Monthly,NA,2
ACC_0581,Basic,Monthly,NA,4
ACC_0582,Pro,Monthly,NA,16
ACC_0583,Basic,Annual,NA,6
ACC_0584,Pro,Monthly,NA,13
ACC_0585,Enterprise,Annual,NA,5
ACC_0586,Basic,Annual,EU,3
ACC_0587,Pro,Monthly,NA,3
ACC_0588,Enterprise,Monthly,EU,4
ACC_0589,Basic,Monthly,NA,11
ACC_0590,Basic,Monthly,EU,4
ACC_0591,Pro,Monthly,NA,3
ACC_0592,Basic,Monthly,NA,3
ACC_0593,Basic,Monthly,NA,3
ACC_0594,Basic,Monthly,EU,5
ACC_0595,Pro,Monthly,NA,26
ACC_0596,Basic,Monthly,APAC,3
ACC_0597,Basic,Monthly,NA,12
ACC_0598,Pro,Monthly,EU,6
ACC_0599,Basic,Annual,NA,6
ACC_0600,Pro,Monthly,EU,2
ACC_0601,Basic,Monthly,NA,4
ACC_0602,Enterprise,Monthly,NA,3
ACC_0603,Pro,Monthly,NA,2
ACC_0604,Basic,Monthly,NA,6
ACC_0605,Pro,Monthly,NA,6
ACC_0606,Basic,Annual,APAC,2
ACC_0607,Basic,Monthly,NA,3
ACC_0608,Basic,Annual,NA,13
ACC_0609,Pro,Monthly,APAC,7
ACC_0610,Basic,Monthly,NA,30
ACC_0611,Basic,Monthly,NA,24
ACC_0612,Basic,Monthly,EU,2
ACC_0613,Basic,Annual,APAC,3
ACC_0614,Basic,Annual,EU,4
ACC_0615,Basic,Annual,NA,13
ACC_0616,Basic,Monthly,APAC,5
ACC_0617,Basic,Annual,NA,2
ACC_0618,Pro,Monthly,APAC,3
ACC_0619,Basic,Annual,EU,10
ACC_0620,Pro,Monthly,APAC,4
ACC_0621,Basic,Monthly,NA,6
ACC_0622,Basic,Monthly,NA,3
ACC_0623,Basic,Monthly,EU,7
ACC_0624,Basic,Monthly,NA,5
ACC_0625,Basic,Annual,NA,10
ACC_0626,Pro,Annual,APAC,8
ACC_0627,Basic,Annual,EU,3
ACC_0628,Basic,Monthly,NA,9
ACC_0629,Pro,Monthly,NA,5
ACC_0630,Basic,Monthly,NA,4
ACC_0631,Basic,Monthly,NA,6
ACC_0632,Basic,Monthly,NA,13
ACC_0633,Basic,Monthly,EU,13
ACC_0634,Basic,Monthly,EU,3
ACC_0635,Pro,Monthly,NA,3
ACC_0636,Enterprise,Monthly,NA,3
ACC_0637,Basic,Monthly,EU,7
ACC_0638,Pro,Monthly,EU,14
ACC_0639,Pro,Annual,APAC,3
ACC_0640,Basic,Monthly,NA,4
ACC_0641,Pro,Annual,EU,6
ACC_0642,Pro,Monthly,NA,4
ACC_0643,Enterprise,Annual,NA,2
ACC_0644,Enterprise,Annual,APAC,6
ACC_0645,Basic,Annual,NA,18
ACC_0646,Basic,Monthly,NA,2
ACC_0647,Basic,Monthly,NA,2
ACC_0648,Basic,Monthly,NA,3
ACC_0649,Basic,Monthly,NA,2
ACC_0650,Enterprise,Monthly,EU,6
ACC_0651,Basic,Monthly,NA,2
ACC_0652,Basic,Monthly,NA,4
ACC_0653,Pro,Monthly,APAC,5
ACC_0654,Basic,Monthly,NA,18
ACC_0655,Basic,Monthly,APAC,14
ACC_0656,Enterprise,Annual,NA,5
ACC_0657,Basic,Annual,EU,6
ACC_0658,Basic,Monthly,NA,6
ACC_0659,Basic,Monthly,EU,6
ACC_0660,Enterprise,Monthly,NA,10
ACC_0661,Basic,Monthly,APAC,2
ACC_0662,Basic,Monthly,NA,13
ACC_0663,Basic,Monthly,EU,3
ACC_0664,Basic,Annual,NA,6
ACC_0665,Enterprise,Monthly,NA,5
ACC_0666,Basic,Annual,NA,16
ACC_0667,Enterprise,Monthly,NA,6
ACC_0668,Basic,Monthly,NA,2
ACC_0669,Basic,Annual,EU,4
ACC_0670,Pro,Monthly,NA,2
ACC_0671,Basic,Annual,NA,2
ACC_0672,Basic,Monthly,NA,6
ACC_0673,Pro,Monthly,NA,5
ACC_0674,Basic,Monthly,NA,4
ACC_0675,Basic,Annual,EU,2
ACC_0676,Enterprise,Monthly,NA,23
ACC_0677,Basic,Annual,APAC,4
ACC_0678,Basic,Annual,NA,2
ACC_0679,Basic,Monthly,NA,12
ACC_0680,Basic,Monthly,APAC,2
ACC_0681,Basic,Annual,NA,13
ACC_0682,Pro,Annual,NA,27
ACC_0683,Basic,Monthly,APAC,5
ACC_0684,Pro,Monthly,APAC,5
ACC_0685,Basic,Monthly,EU,13
ACC_0686,Basic,Monthly,NA,3
ACC_0687,Basic,Annual,EU,6
ACC_0688,Pro,Monthly,APAC,4
ACC_0689,Basic,Monthly,APAC,5
ACC_0690,Basic,Monthly,NA,6
ACC_0691,Pro,Monthly,NA,4
ACC_0692,Pro,Monthly,NA,3
ACC_0693,Basic,Annual,NA,3
ACC_0694,Enterprise,Monthly,EU,2
ACC_0695,Basic,Monthly,NA,2
ACC_0696,Basic,Annual,NA,5
ACC_0697,Basic,Monthly,NA,6
ACC_0698,Basic,Monthly,NA,3
ACC_0699,Basic,Monthly,NA,15
ACC_0700,Pro,Annual,NA,6
ACC_0701,Basic,Annual,NA,2
ACC_0702,Pro,Monthly,APAC,2
ACC_0703,Enterprise,Monthly,NA,3
ACC_0704,Pro,Monthly,NA,3
ACC_0705,Pro,Monthly,NA,13
ACC_0706,Pro,Monthly,NA,3
ACC_0707,Enterprise,Annual,NA,5
ACC_0708,Basic,Annual,NA,6
ACC_0709,Basic,Monthly,NA,3
ACC_0710,Basic,Annual,NA,5
ACC_0711,Basic,Annual,EU,23
ACC_0712,Basic,Monthly,NA,3
ACC_0713,Pro,Monthly,NA,4
ACC_0714,Basic,Annual,EU,10
ACC_0715,Enterprise,Monthly,NA,3
ACC_0716,Basic,Annual,NA,10
ACC_0717,Basic,Monthly,NA,9
ACC_0718,Basic,Monthly,NA,3
ACC_0719,Basic,Annual,NA,4
ACC_0720,Basic,Monthly,APAC,5
ACC_0721,Basic,Monthly,APAC,4
ACC_0722,Basic,Monthly,APAC,15
ACC_0723,Basic,Monthly,NA,15
ACC_0724,Basic,Monthly,NA,6
ACC_0725,Basic,Monthly,NA,9
ACC_0726,Basic,Monthly,NA,5
ACC_0727,Basic,Monthly,NA,5
ACC_0728,Basic,Monthly,NA,3
ACC_0729,Basic,Annual,NA,3
ACC_0730,Basic,Monthly,NA,3
ACC_0731,Pro,Monthly,NA,3
ACC_0732,Enterprise,Monthly,EU,8
ACC_0733,Enterprise,Monthly,NA,12
ACC_0734,Basic,Annual,APAC,2
ACC_0735,Basic,Monthly,NA,4
ACC_0736,Basic,Monthly,NA,14
ACC_0737,Pro,Annual,NA,5
ACC_0738,Pro,Annual,NA,5
ACC_0739,Pro,Annual,NA,4
ACC_0740,Pro,Annual,NA,6
ACC_0741,Basic,Annual,EU,2
ACC_0742,Pro,Monthly,NA,4
ACC_0743,Pro,Monthly,NA,9
ACC_0744,Basic,Monthly,APAC,6
ACC_0745,Enterprise,Monthly,NA,4
ACC_0746,Basic,Monthly,EU,5
ACC_0747,Enterprise,Monthly,NA,9
ACC_0748,Pro,Monthly,NA,5
ACC_0749,Basic,Annual,NA,12
ACC_0750,Pro,Annual,NA,2
ACC_0751,Basic,Monthly,EU,3
ACC_0752,Pro,Monthly,NA,4
ACC_0753,Pro,Monthly,NA,2
ACC_0754,Pro,Monthly,NA,30
ACC_0755,Pro,Annual,APAC,2
ACC_0756,Basic,Annual,EU,2
ACC_0757,Basic,Annual,APAC,20
ACC_0758,Basic,Annual,EU,3
ACC_0759,Basic,Annual,EU,3
ACC_0760,Basic,Monthly,NA,2
ACC_0761,Basic,Monthly,APAC,3
ACC_0762,Basic,Monthly,NA,14
ACC_0763,Basic,Monthly,NA,15
ACC_0764,Pro,Monthly,EU,4
ACC_0765,Basic,Monthly,NA,5
ACC_0766,Pro,Annual,NA,6
ACC_0767,Basic,Monthly,NA,9
ACC_0768,Basic,Annual,NA,8
ACC_0769,Basic,Annual,EU,3
ACC_0770,Basic,Monthly,NA,2
ACC_0771,Basic,Monthly,EU,4
ACC_0772,Basic,Monthly,NA,2
ACC_0773,Basic,Monthly,EU,6
ACC_0774,Basic,Monthly,NA,5
ACC_0775,Pro,Annual,APAC,5
ACC_0776,Basic,Monthly,NA,6
ACC_0777,Pro,Monthly,NA,2
ACC_0778,Basic,Annual,NA,14
ACC_0779,Enterprise,Monthly,NA,4
ACC_0780,Pro,Monthly,NA,6
ACC_0781,Enterprise,Monthly,EU,4
ACC_0782,Pro,Monthly,APAC,5
ACC_0783,Basic,Monthly,EU,8
ACC_0784,Basic,Monthly,NA,11
ACC_0785,Basic,Monthly,NA,3
ACC_0786,Pro,Monthly,EU,3
ACC_0787,Pro,Monthly,EU,5
ACC_0788,Basic,Monthly,NA,5
ACC_0789,Enterprise,Monthly,APAC,3
ACC_0790,Basic,Monthly,NA,2
ACC_0791,Pro,Monthly,EU,7
ACC_0792,Pro,Monthly,APAC,21
ACC_0793,Basic,Monthly,EU,6
ACC_0794,Pro,Monthly,NA,5
ACC_0795,Pro,Annual,EU,2
ACC_0796,Basic,Monthly,NA,29
ACC_0797,Basic,Annual,EU,11
ACC_0798,Basic,Monthly,NA,2
ACC_0799,Pro,Monthly,EU,6
ACC_0800,Basic,Annual,APAC,3
ACC_0801,Enterprise,Annual,NA,5
ACC_0802,Pro,Annual,NA,11
ACC_0803,Basic,Monthly,EU,4
ACC_0804,Basic,Annual,NA,2
ACC_0805,Pro,Monthly,NA,3
ACC_0806,Pro,Monthly,NA,4
ACC_0807,Basic,Monthly,NA,3
ACC_0808,Basic,Annual,EU,13
ACC_0809,Basic,Monthly,EU,2
ACC_0810,Enterprise,Annual,NA,3
ACC_0811,Basic,Monthly,NA,2
ACC_0812,Pro,Annual,NA,3
ACC_0813,Basic,Annual,NA,6
ACC_0814,Enterprise,Annual,EU,2
ACC_0815,Basic,Monthly,NA,4
ACC_0816,Basic,Monthly,NA,6
ACC_0817,Enterprise,Monthly,APAC,6
ACC_0818,Enterprise,Monthly,NA,6
ACC_0819,Basic,Monthly,EU,6
ACC_0820,Basic,Monthly,NA,6
ACC_0821,Basic,Monthly,NA,4
ACC_0822,Basic,Monthly,NA,4
ACC_0823,Basic,Monthly,EU,2
ACC_0824,Pro,Annual,EU,3
ACC_0825,Basic,Monthly,NA,2
ACC_0826,Pro,Annual,NA,4
ACC_0827,Basic,Annual,NA,5
ACC_0828,Basic,Monthly,EU,6
ACC_0829,Pro,Annual,EU,3
ACC_0830,Basic,Monthly,EU,2
ACC_0831,Pro,Monthly,APAC,6
ACC_0832,Basic,Monthly,NA,5
ACC_0833,Enterprise,Monthly,EU,7
ACC_0834,Pro,Monthly,EU,6
ACC_0835,Pro,Monthly,NA,2
ACC_0836,Basic,Annual,APAC,2
ACC_0837,Basic,Monthly,NA,2
ACC_0838,Basic,Annual,EU,14
ACC_0839,Basic,Annual,EU,13
ACC_0840,Basic,Monthly,APAC,23
ACC_0841,Basic,Monthly,NA,3
ACC_0842,Basic,Annual,NA,4
ACC_0843,Basic,Monthly,EU,7
ACC_0844,Basic,Monthly,EU,12
ACC_0845,Basic,Monthly,NA,6
ACC_0846,Basic,Annual,EU,6
ACC_0847,Pro,Monthly,NA,3
ACC_0848,Basic,Monthly,EU,6
ACC_0849,Basic,Monthly,APAC,5
ACC_0850,Basic,Monthly,NA,4
ACC_0851,Pro,Monthly,NA,3
ACC_0852,Basic,Annual,APAC,2
ACC_0853,Pro,Annual,EU,7
ACC_0854,Enterprise,Monthly,APAC,4
ACC_0855,Basic,Monthly,NA,4
ACC_0856,Enterprise,Monthly,APAC,4
ACC_0857,Pro,Monthly,NA,14
ACC_0858,Basic,Monthly,NA,6
ACC_0859,Basic,Monthly,NA,3
ACC_0860,Pro,Monthly,EU,4
ACC_0861,Enterprise,Monthly,APAC,3
ACC_0862,Basic,Monthly,EU,5
ACC_0863,Basic,Monthly,EU,6
ACC_0864,Pro,Monthly,NA,3
ACC_0865,Basic,Annual,NA,3
ACC_0866,Pro,Annual,NA,2
ACC_0867,Basic,Annual,NA,6
ACC_0868,Pro,Annual,NA,3
ACC_0869,Pro,Monthly,APAC,11
ACC_0870,Pro,Annual,EU,9
ACC_0871,Pro,Monthly,EU,8
ACC_0872,Pro,Monthly,NA,4
ACC_0873,Pro,Monthly,NA,5
ACC_0874,Pro,Monthly,NA,6
ACC_0875,Basic,Monthly,NA,15
ACC_0876,Pro,Monthly,NA,4
ACC_0877,Basic,Annual,NA,6
ACC_0878,Pro,Annual,NA,5
ACC_0879,Pro,Monthly,EU,3
ACC_0880,Basic,Monthly,NA,13
ACC_0881,Basic,Annual,NA,3
ACC_0882,Basic,Monthly,NA,4
ACC_0883,Pro,Monthly,NA,15
ACC_0884,Basic,Monthly,NA,9
ACC_0885,Basic,Monthly,NA,6
ACC_0886,Pro,Monthly,EU,4
ACC_0887,Pro,Annual,NA,4
ACC_0888,Basic,Annual,APAC,5
ACC_0889,Basic,Monthly,NA,3
ACC_0890,Enterprise,Monthly,NA,30
ACC_0891,Pro,Annual,NA,14
ACC_0892,Pro,Monthly,NA,2
ACC_0893,Basic,Monthly,NA,12
ACC_0894,Basic,Monthly,APAC,3
ACC_0895,Basic,Monthly,NA,11
ACC_0896,Pro,Monthly,EU,4
ACC_0897,Basic,Monthly,NA,26
ACC_0898,Basic,Monthly,NA,5
ACC_0899,Pro,Monthly,NA,2
ACC_0900,Enterprise,Monthly,NA,4
ACC_0901,Pro,Monthly,NA,8
ACC_0902,Basic,Annual,APAC,6
ACC_0903,Basic,Monthly,EU,5
ACC_0904,Basic,Monthly,APAC,6
ACC_0905,Basic,Monthly,NA,4
ACC_0906,Basic,Annual,EU,4
ACC_0907,Basic,Monthly,EU,5
ACC_0908,Pro,Annual,EU,5
ACC_0909,Pro,Monthly,APAC,2
ACC_0910,Enterprise,Monthly,EU,2
ACC_0911,Basic,Monthly,APAC,6
ACC_0912,Basic,Monthly,EU,3
ACC_0913,Basic,Annual,NA,4
ACC_0914,Basic,Annual,EU,3
ACC_0915,Basic,Monthly,NA,8
ACC_0916,Basic,Annual,APAC,10
ACC_0917,Pro,Monthly,EU,19
ACC_0918,Basic,Monthly,NA,2
ACC_0919,Enterprise,Monthly,NA,14
ACC_0920,Basic,Monthly,NA,5
ACC_0921,Basic,Annual,NA,3
ACC_0922,Basic,Monthly,NA,2
ACC_0923,Basic,Monthly,EU,23
ACC_0924,Basic,Monthly,EU,6
ACC_0925,Enterprise,Monthly,EU,4
ACC_0926,Basic,Monthly,NA,9
ACC_0927,Basic,Monthly,NA,3
ACC_0928,Pro,Monthly,NA,15
ACC_0929,Basic,Monthly,APAC,3
ACC_0930,Pro,Monthly,NA,7
ACC_0931,Basic,Monthly,NA,5
ACC_0932,Pro,Monthly,NA,11
ACC_0933,Basic,Annual,EU,5
ACC_0934,Basic,Annual,NA,3
