account_id,last_active_day,churn_date,churn_flag,plan_type,contract_type,region,seats
ACC_0001,2011-12-07,2012-01-06,0,Basic,Monthly,NA,12
ACC_0002,2011-12-08,2012-01-07,0,Enterprise,Annual,APAC,10
ACC_0003,2011-10-19,2011-11-18,1,Basic,Monthly,EU,3
ACC_0004,2011-12-05,2012-01-04,0,Basic,Monthly,EU,17
ACC_0005,2011-11-20,2011-12-20,0,Basic,Monthly,EU,13
ACC_0006,2011-11-17,2011-12-17,0,Enterprise,Monthly,EU,5
ACC_0007,2011-11-07,2011-12-07,1,Basic,Monthly,EU,4
ACC_0008,2011-12-06,2012-01-05,0,Pro,Annual,NA,10
ACC_0009,2011-12-09,2012-01-08,0,Pro,Monthly,NA,4
ACC_0010,2011-11-30,2011-12-30,0,Pro,Annual,NA,6
ACC_0011,2011-11-04,2011-12-04,1,Enterprise,Monthly,NA,2
ACC_0012,2011-12-09,2012-01-08,0,Pro,Annual,EU,4
ACC_0013,2011-12-08,2012-01-07,0,Enterprise,Annual,NA,9
ACC_0014,2011-11-29,2011-12-29,0,Basic,Monthly,NA,12
ACC_0015,2011-09-29,2011-10-29,1,Pro,Monthly,NA,2
ACC_0016,2011-12-07,2012-01-06,0,Basic,Monthly,NA,15
ACC_0017,2011-12-06,2012-01-05,0,Basic,Annual,EU,13
ACC_0018,2011-11-30,2011-12-30,0,Pro,Monthly,EU,2
ACC_0019,2011-12-04,2012-01-03,0,Enterprise,Monthly,NA,4
ACC_0020,2011-11-24,2011-12-24,0,Pro,Monthly,NA,2
ACC_0021,2011-11-18,2011-12-18,0,Basic,Annual,NA,3
ACC_0022,2011-11-21,2011-12-21,0,Basic,Monthly,NA,6
ACC_0023,2011-04-21,2011-05-21,1,Basic,Monthly,EU,2
ACC_0024,2011-11-13,2011-12-13,0,Basic,Annual,EU,4
ACC_0025,2011-10-04,2011-11-03,1,Basic,Monthly,NA,5
ACC_0026,2011-12-09,2012-01-08,0,Basic,Annual,NA,4
ACC_0027,2011-11-30,2011-12-30,0,Basic,Monthly,APAC,6
ACC_0028,2011-12-09,2012-01-08,0,Pro,Monthly,EU,10
ACC_0029,2011-10-27,2011-11-26,1,Basic,Annual,NA,2
ACC_0030,2011-11-20,2011-12-20,0,Enterprise,Monthly,NA,9
ACC_0031,2011-12-04,2012-01-03,0,Pro,Monthly,NA,14
ACC_0032,2011-12-01,2011-12-31,0,Basic,Monthly,APAC,3
ACC_0033,2011-11-17,2011-12-17,0,Basic,Monthly,NA,5
ACC_0034,2011-12-07,2012-01-06,0,Basic,Monthly,NA,2
ACC_0035,2011-12-01,2011-12-31,0,Enterprise,Monthly,APAC,5
ACC_0036,2011-11-18,2011-12-18,0,Basic,Monthly,EU,5
ACC_0037,2011-12-07,2012-01-06,0,Basic,Monthly,NA,3
ACC_0038,2011-12-06,2012-01-05,0,Enterprise,Monthly,NA,5
ACC_0039,2011-11-11,2011-12-11,0,Enterprise,Monthly,NA,2
ACC_0040,2011-09-08,2011-10-08,1,Basic,Monthly,EU,2
ACC_0041,2011-11-20,2011-12-20,0,Basic,Monthly,NA,5
ACC_0042,2011-11-30,2011-12-30,0,Basic,Annual,APAC,4
ACC_0043,2011-11-18,2011-12-18,0,Basic,Monthly,APAC,12
ACC_0044,2011-12-07,2012-01-06,0,Basic,Monthly,NA,5
ACC_0045,2011-12-08,2012-01-07,0,Pro,Monthly,EU,5
ACC_0046,2011-11-16,2011-12-16,0,Enterprise,Annual,NA,3
ACC_0047,2011-12-05,2012-01-04,0,Basic,Monthly,NA,6
ACC_0048,2011-10-12,2011-11-11,1,Pro,Monthly,EU,3
ACC_0049,2011-11-16,2011-12-16,0,Basic,Monthly,NA,7
ACC_0050,2011-11-06,2011-12-06,1,Pro,Monthly,NA,3
ACC_0051,2011-12-06,2012-01-05,0,Pro,Annual,NA,6
ACC_0052,2011-11-29,2011-12-29,0,Pro,Annual,NA,3
ACC_0053,2011-11-28,2011-12-28,0,Enterprise,Monthly,NA,4
ACC_0054,2011-12-09,2012-01-08,0,Basic,Annual,EU,5
ACC_0055,2011-12-01,2011-12-31,0,Basic,Monthly,EU,4
ACC_0056,2011-12-04,2012-01-03,0,Basic,Monthly,EU,6
ACC_0057,2011-11-01,2011-12-01,1,Basic,Annual,EU,2
ACC_0058,2011-11-15,2011-12-15,0,Enterprise,Monthly,NA,2
ACC_0059,2011-12-09,2012-01-08,0,Basic,Monthly,EU,5
ACC_0060,2011-12-05,2012-01-04,0,Pro,Monthly,NA,2
ACC_0061,2011-11-11,2011-12-11,0,Basic,Annual,NA,4
ACC_0062,2011-11-14,2011-12-14,0,Basic,Monthly,APAC,5
ACC_0063,2011-12-02,2012-01-01,0,Basic,Monthly,NA,3
ACC_0064,2011-11-11,2011-12-11,0,Pro,Monthly,NA,3
ACC_0065,2011-12-02,2012-01-01,0,Pro,Monthly,NA,6
ACC_0066,2011-11-10,2011-12-10,0,Basic,Monthly,NA,2
ACC_0067,2011-12-09,2012-01-08,0,Basic,Annual,NA,21
ACC_0068,2011-11-16,2011-12-16,0,Pro,Annual,NA,6
ACC_0069,2011-10-07,2011-11-06,1,Basic,Annual,APAC,5
ACC_0070,2011-12-09,2012-01-08,0,Enterprise,Annual,NA,15
ACC_0071,2011-11-24,2011-12-24,0,Basic,Monthly,NA,5
ACC_0072,2011-12-02,2012-01-01,0,Basic,Monthly,NA,4
ACC_0073,2011-12-06,2012-01-05,0,Basic,Monthly,EU,4
ACC_0074,2011-10-11,2011-11-10,1,Basic,Monthly,NA,6
ACC_0075,2011-11-22,2011-12-22,0,Basic,Annual,NA,5
ACC_0076,2011-12-05,2012-01-04,0,Basic,Monthly,NA,3
ACC_0077,2011-12-07,2012-01-06,0,Enterprise,Annual,EU,4
ACC_0078,2011-11-30,2011-12-30,0,Basic,Monthly,EU,14
ACC_0079,2011-06-06,2011-07-06,1,Basic,Monthly,EU,5
ACC_0080,2011-11-03,2011-12-03,1,Basic,Monthly,EU,4
ACC_0081,2011-03-24,2011-04-23,1,Basic,Monthly,NA,2
ACC_0082,2011-10-26,2011-11-25,1,Pro,Monthly,NA,5
ACC_0083,2011-12-06,2012-01-05,0,Basic,Monthly,NA,5
ACC_0084,2011-09-30,2011-10-30,1,Pro,Monthly,NA,2
ACC_0085,2011-12-07,2012-01-06,0,Basic,Annual,NA,5
ACC_0086,2011-11-02,2011-12-02,1,Enterprise,Monthly,NA,2
ACC_0087,2011-11-07,2011-12-07,1,Basic,Monthly,NA,5
ACC_0088,2011-12-07,2012-01-06,0,Pro,Annual,EU,8
ACC_0089,2011-11-17,2011-12-17,0,Basic,Monthly,NA,4
ACC_0090,2011-11-08,2011-12-08,1,Basic,Annual,EU,3
ACC_0091,2011-09-04,2011-10-04,1,Pro,Annual,EU,2
ACC_0092,2011-12-02,2012-01-01,0,Pro,Monthly,NA,6
ACC_0093,2011-11-13,2011-12-13,0,Pro,Monthly,NA,7
ACC_0094,2011-11-13,2011-12-13,0,Basic,Monthly,EU,2
ACC_0095,2011-09-16,2011-10-16,1,Pro,Annual,EU,4
ACC_0096,2011-12-06,2012-01-05,0,Pro,Annual,NA,6
ACC_0097,2011-11-30,2011-12-30,0,Pro,Annual,NA,6
ACC_0098,2011-10-07,2011-11-06,1,Basic,Monthly,EU,3
ACC_0099,2011-11-15,2011-12-15,0,Pro,Monthly,EU,6
ACC_0100,2011-11-09,2011-12-09,1,Pro,Monthly,NA,4
ACC_0101,2011-12-01,2011-12-31,0,Enterprise,Annual,NA,7
ACC_0102,2011-11-28,2011-12-28,0,Basic,Monthly,APAC,6
ACC_0103,2011-12-07,2012-01-06,0,Basic,Monthly,NA,3
ACC_0104,2011-07-14,2011-08-13,1,Pro,Monthly,APAC,2
ACC_0105,2011-08-03,2011-09-02,1,Basic,Annual,NA,3
ACC_0106,2011-12-01,2011-12-31,0,Pro,Annual,NA,5
ACC_0107,2011-12-05,2012-01-04,0,Basic,Monthly,NA,9
ACC_0108,2011-12-07,2012-01-06,0,Basic,Monthly,NA,7
ACC_0109,2011-10-16,2011-11-15,1,Pro,Monthly,APAC,3
ACC_0110,2011-11-04,2011-12-04,1,Basic,Monthly,NA,2
ACC_0111,2011-07-19,2011-08-18,1,Basic,Monthly,APAC,3
ACC_0112,2011-12-08,2012-01-07,0,Pro,Monthly,NA,14
ACC_0113,2011-12-02,2012-01-01,0,Pro,Monthly,APAC,3
ACC_0114,2011-12-02,2012-01-01,0,Pro,Monthly,APAC,6
ACC_0115,2011-12-06,2012-01-05,0,Basic,Monthly,EU,6
ACC_0116,2011-12-09,2012-01-08,0,Basic,Monthly,NA,9
ACC_0117,2011-12-06,2012-01-05,0,Enterprise,Annual,EU,4
ACC_0118,2011-11-16,2011-12-16,0,Basic,Monthly,NA,2
ACC_0119,2011-12-05,2012-01-04,0,Basic,Annual,APAC,18
ACC_0120,2011-12-08,2012-01-07,0,Basic,Monthly,NA,6
ACC_0121,2011-12-05,2012-01-04,0,Basic,Monthly,NA,9
ACC_0122,2011-12-08,2012-01-07,0,Pro,Monthly,NA,6
ACC_0123,2011-10-18,2011-11-17,1,Pro,Monthly,EU,2
ACC_0124,2011-10-16,2011-11-15,1,Pro,Monthly,APAC,5
ACC_0125,2011-12-01,2011-12-31,0,Basic,Monthly,NA,6
ACC_0126,2011-09-01,2011-10-01,1,Basic,Annual,EU,2
ACC_0127,2011-11-09,2011-12-09,1,Basic,Monthly,APAC,2
ACC_0128,2011-11-25,2011-12-25,0,Basic,Monthly,NA,6
ACC_0129,2011-09-22,2011-10-22,1,Basic,Monthly,NA,2
ACC_0130,2011-11-15,2011-12-15,0,Basic,Monthly,EU,6
ACC_0131,2011-11-27,2011-12-27,0,Basic,Annual,EU,3
ACC_0132,2011-12-09,2012-01-08,0,Pro,Annual,NA,12
ACC_0133,2011-12-06,2012-01-05,0,Pro,Monthly,EU,3
ACC_0134,2011-12-07,2012-01-06,0,Basic,Monthly,NA,9
ACC_0135,2011-12-09,2012-01-08,0,Basic,Monthly,APAC,23
ACC_0136,2011-11-28,2011-12-28,0,Pro,Monthly,APAC,4
ACC_0137,2011-11-20,2011-12-20,0,Pro,Annual,EU,2
ACC_0138,2011-09-06,2011-10-06,1,Pro,Annual,NA,3
ACC_0139,2011-12-05,2012-01-04,0,Basic,Monthly,NA,6
ACC_0140,2011-09-06,2011-10-06,1,Pro,Monthly,NA,2
ACC_0141,2011-11-16,2011-12-16,0,Basic,Monthly,NA,5
ACC_0142,2011-11-29,2011-12-29,0,Basic,Monthly,EU,4
ACC_0143,2011-11-20,2011-12-20,0,Basic,Monthly,NA,7
ACC_0144,2011-11-29,2011-12-29,0,Basic,Monthly,NA,5
ACC_0145,2011-12-04,2012-01-03,0,Basic,Annual,NA,4
ACC_0146,2011-12-01,2011-12-31,0,Basic,Monthly,NA,8
ACC_0147,2011-11-21,2011-12-21,0,Pro,Monthly,NA,6
ACC_0148,2011-11-18,2011-12-18,0,Basic,Monthly,EU,3
ACC_0149,2011-12-05,2012-01-04,0,Basic,Monthly,EU,3
ACC_0150,2011-11-13,2011-12-13,0,Basic,Annual,NA,6
ACC_0151,2011-12-02,2012-01-01,0,Basic,Monthly,APAC,11
ACC_0152,2011-10-09,2011-11-08,1,Basic,Annual,APAC,2
ACC_0153,2011-12-06,2012-01-05,0,Basic,Annual,NA,6
ACC_0154,2010-11-10,2010-12-10,1,Basic,Monthly,EU,2
ACC_0155,2011-11-30,2011-12-30,0,Pro,Monthly,NA,2
ACC_0156,2011-11-24,2011-12-24,0,Enterprise,Annual,NA,6
ACC_0157,2011-11-29,2011-12-29,0,Basic,Monthly,NA,13
ACC_0158,2011-12-06,2012-01-05,0,Pro,Monthly,NA,6
ACC_0159,2011-12-05,2012-01-04,0,Pro,Annual,APAC,14
ACC_0160,2011-11-21,2011-12-21,0,Enterprise,Annual,APAC,2
ACC_0161,2011-11-30,2011-12-30,0,Pro,Monthly,EU,9
ACC_0162,2011-11-28,2011-12-28,0,Pro,Monthly,EU,5
ACC_0163,2011-12-08,2012-01-07,0,Enterprise,Monthly,EU,5
ACC_0164,2011-12-08,2012-01-07,0,Pro,Annual,APAC,12
ACC_0165,2011-09-22,2011-10-22,1,Basic,Monthly,NA,3
ACC_0166,2011-11-21,2011-12-21,0,Basic,Monthly,NA,4
ACC_0167,2010-04-18,2010-05-18,1,Basic,Monthly,EU,2
ACC_0168,2011-12-08,2012-01-07,0,Basic,Annual,NA,12
ACC_0169,2011-08-28,2011-09-27,1,Basic,Annual,NA,4
ACC_0170,2011-12-05,2012-01-04,0,Basic,Monthly,NA,3
ACC_0171,2011-12-05,2012-01-04,0,Pro,Monthly,EU,6
ACC_0172,2011-12-08,2012-01-07,0,Pro,Annual,NA,6
ACC_0173,2011-12-04,2012-01-03,0,Pro,Annual,NA,4
ACC_0174,2011-12-06,2012-01-05,0,Basic,Monthly,NA,4
ACC_0175,2011-11-25,2011-12-25,0,Basic,Monthly,NA,9
ACC_0176,2011-07-05,2011-08-04,1,Pro,Monthly,APAC,3
ACC_0177,2011-11-29,2011-12-29,0,Pro,Monthly,NA,12
ACC_0178,2011-09-29,2011-10-29,1,Enterprise,Monthly,EU,2
ACC_0179,2011-10-07,2011-11-06,1,Pro,Monthly,EU,4
ACC_0180,2010-10-04,2010-11-03,1,Pro,Monthly,NA,2
ACC_0181,2011-11-30,2011-12-30,0,Basic,Annual,EU,2
ACC_0182,2011-11-06,2011-12-06,1,Basic,Monthly,EU,2
ACC_0183,2011-10-20,2011-11-19,1,Basic,Monthly,EU,4
ACC_0184,2011-10-10,2011-11-09,1,Pro,Monthly,NA,5
ACC_0185,2011-11-13,2011-12-13,0,Enterprise,Monthly,NA,6
ACC_0186,2011-11-28,2011-12-28,0,Basic,Monthly,APAC,11
ACC_0187,2011-12-08,2012-01-07,0,Pro,Monthly,EU,11
ACC_0188,2011-09-26,2011-10-26,1,Basic,Monthly,APAC,2
ACC_0189,2011-12-08,2012-01-07,0,Basic,Monthly,APAC,3
ACC_0190,2011-08-24,2011-09-23,1,Basic,Annual,NA,3
ACC_0191,2011-10-27,2011-11-26,1,Basic,Monthly,EU,3
ACC_0192,2011-12-05,2012-01-04,0,Enterprise,Annual,NA,2
ACC_0193,2011-10-30,2011-11-29,1,Basic,Annual,EU,6
ACC_0194,2011-12-09,2012-01-08,0,Pro,Annual,NA,7
ACC_0195,2011-12-04,2012-01-03,0,Pro,Monthly,NA,4
ACC_0196,2011-12-08,2012-01-07,0,Basic,Monthly,EU,6
ACC_0197,2011-11-23,2011-12-23,0,Basic,Monthly,EU,14
ACC_0198,2011-12-08,2012-01-07,0,Pro,Monthly,EU,29
ACC_0199,2011-12-02,2012-01-01,0,Basic,Monthly,NA,12
ACC_0200,2011-11-23,2011-12-23,0,Enterprise,Annual,NA,5
ACC_0201,2011-12-08,2012-01-07,0,Basic,Monthly,APAC,13
ACC_0202,2011-11-18,2011-12-18,0,Pro,Annual,NA,2
ACC_0203,2011-12-08,2012-01-07,0,Pro,Monthly,NA,6
ACC_0204,2011-11-25,2011-12-25,0,Basic,Monthly,EU,6
ACC_0205,2011-12-07,2012-01-06,0,Basic,Monthly,NA,5
ACC_0206,2011-12-08,2012-01-07,0,Enterprise,Monthly,EU,5
ACC_0207,2011-10-31,2011-11-30,1,Basic,Monthly,NA,4
ACC_0208,2011-11-27,2011-12-27,0,Basic,Monthly,EU,4
ACC_0209,2011-11-14,2011-12-14,0,Basic,Monthly,APAC,3
ACC_0210,2011-10-04,2011-11-03,1,Basic,Monthly,APAC,3
ACC_0211,2011-12-04,2012-01-03,0,Pro,Monthly,EU,4
ACC_0212,2011-12-02,2012-01-01,0,Pro,Annual,NA,3
ACC_0213,2011-11-20,2011-12-20,0,Basic,Monthly,EU,5
ACC_0214,2011-11-29,2011-12-29,0,Pro,Monthly,EU,15
ACC_0215,2011-07-07,2011-08-06,1,Basic,Monthly,EU,5
ACC_0216,2011-11-25,2011-12-25,0,Basic,Monthly,EU,3
ACC_0217,2011-12-08,2012-01-07,0,Pro,Monthly,EU,11
ACC_0218,2011-11-27,2011-12-27,0,Enterprise,Monthly,EU,12
ACC_0219,2011-11-15,2011-12-15,0,Basic,Annual,EU,5
ACC_0220,2011-08-15,2011-09-14,1,Basic,Monthly,NA,5
ACC_0221,2011-11-09,2011-12-09,1,Basic,Monthly,NA,2
ACC_0222,2011-10-11,2011-11-10,1,Pro,Monthly,EU,3
ACC_0223,2011-12-04,2012-01-03,0,Basic,Monthly,NA,15
ACC_0224,2011-11-23,2011-12-23,0,Basic,Monthly,APAC,2
ACC_0225,2011-11-30,2011-12-30,0,Pro,Monthly,EU,5
ACC_0226,2011-11-04,2011-12-04,1,Basic,Monthly,NA,5
ACC_0227,2011-12-07,2012-01-06,0,Basic,Monthly,EU,13
ACC_0228,2011-12-08,2012-01-07,0,Basic,Annual,EU,18
ACC_0229,2011-12-06,2012-01-05,0,Basic,Monthly,EU,10
ACC_0230,2011-12-06,2012-01-05,0,Basic,Monthly,NA,12
ACC_0231,2011-11-24,2011-12-24,0,Pro,Monthly,APAC,15
ACC_0232,2011-11-11,2011-12-11,0,Pro,Monthly,NA,6
ACC_0233,2011-11-11,2011-12-11,0,Pro,Monthly,EU,2
ACC_0234,2010-10-25,2010-11-24,1,Enterprise,Monthly,NA,2
ACC_0235,2011-12-04,2012-01-03,0,Basic,Annual,EU,2
ACC_0236,2011-11-21,2011-12-21,0,Basic,Monthly,EU,4
ACC_0237,2011-12-07,2012-01-06,0,Enterprise,Monthly,EU,5
ACC_0238,2011-12-07,2012-01-06,0,Basic,Annual,NA,11
ACC_0239,2011-12-07,2012-01-06,0,Pro,Annual,EU,11
ACC_0240,2011-12-07,2012-01-06,0,Pro,Monthly,EU,4
ACC_0241,2011-12-09,2012-01-08,0,Basic,Monthly,NA,14
ACC_0242,2011-09-25,2011-10-25,1,Basic,Monthly,APAC,2
ACC_0243,2011-12-05,2012-01-04,0,Basic,Annual,EU,4
ACC_0244,2010-11-16,2010-12-16,1,Basic,Monthly,APAC,5
ACC_0245,2011-12-08,2012-01-07,0,Basic,Annual,APAC,8
ACC_0246,2011-12-04,2012-01-03,0,Basic,Monthly,APAC,5
ACC_0247,2011-12-04,2012-01-03,0,Pro,Annual,EU,14
ACC_0248,2011-11-17,2011-12-17,0,Enterprise,Monthly,EU,5
ACC_0249,2011-11-23,2011-12-23,0,Pro,Monthly,NA,4
ACC_0250,2011-11-14,2011-12-14,0,Basic,Monthly,NA,3
ACC_0251,2011-12-04,2012-01-03,0,Basic,Monthly,EU,2
ACC_0252,2011-11-28,2011-12-28,0,Basic,Monthly,NA,6
ACC_0253,2011-11-15,2011-12-15,0,Basic,Monthly,APAC,2
ACC_0254,2011-10-19,2011-11-18,1,Enterprise,Monthly,NA,5
ACC_0255,2011-12-08,2012-01-07,0,Basic,Monthly,NA,10
ACC_0256,2011-11-21,2011-12-21,0,Basic,Annual,NA,5
ACC_0257,2011-12-07,2012-01-06,0,Pro,Annual,NA,5
ACC_0258,2011-10-17,2011-11-16,1,Basic,Monthly,NA,6
ACC_0259,2011-12-08,2012-01-07,0,Basic,Monthly,NA,22
ACC_0260,2011-11-02,2011-12-02,1,Basic,Monthly,EU,8
ACC_0261,2011-09-21,2011-10-21,1,Pro,Annual,NA,2
ACC_0262,2011-10-13,2011-11-12,1,Pro,Monthly,NA,2
ACC_0263,2011-11-28,2011-12-28,0,Basic,Monthly,NA,4
ACC_0264,2011-10-21,2011-11-20,1,Enterprise,Annual,NA,2
ACC_0265,2011-12-08,2012-01-07,0,Pro,Annual,NA,10
ACC_0266,2011-10-13,2011-11-12,1,Pro,Monthly,EU,3
ACC_0267,2011-08-22,2011-09-21,1,Basic,Monthly,EU,2
ACC_0268,2011-11-22,2011-12-22,0,Basic,Monthly,NA,9
ACC_0269,2011-12-07,2012-01-06,0,Pro,Annual,EU,11
ACC_0270,2011-12-08,2012-01-07,0,Basic,Monthly,NA,17
ACC_0271,2011-11-25,2011-12-25,0,Pro,Monthly,NA,13
ACC_0272,2011-12-05,2012-01-04,0,Pro,Monthly,APAC,9
ACC_0273,2011-12-06,2012-01-05,0,Basic,Monthly,NA,5
ACC_0274,2011-11-29,2011-12-29,0,Pro,Monthly,APAC,6
ACC_0275,2011-11-30,2011-12-30,0,Enterprise,Monthly,NA,5
ACC_0276,2011-10-18,2011-11-17,1,Pro,Annual,NA,7
ACC_0277,2011-07-01,2011-07-31,1,Basic,Annual,NA,3
ACC_0278,2011-11-23,2011-12-23,0,Pro,Monthly,NA,3
ACC_0279,2011-12-07,2012-01-06,0,Basic,Annual,APAC,14
ACC_0280,2011-11-06,2011-12-06,1,Pro,Monthly,NA,8
ACC_0281,2011-12-01,2011-12-31,0,Pro,Monthly,APAC,6
ACC_0282,2011-12-09,2012-01-08,0,Pro,Monthly,APAC,2
ACC_0283,2011-12-08,2012-01-07,0,Basic,Annual,EU,6
ACC_0284,2011-12-05,2012-01-04,0,Basic,Annual,NA,12
ACC_0285,2011-12-06,2012-01-05,0,Basic,Annual,NA,3
ACC_0286,2011-12-05,2012-01-04,0,Basic,Annual,NA,6
ACC_0287,2011-12-07,2012-01-06,0,Basic,Annual,EU,15
ACC_0288,2011-12-05,2012-01-04,0,Pro,Monthly,NA,15
ACC_0289,2011-12-06,2012-01-05,0,Basic,Annual,APAC,6
ACC_0290,2011-12-06,2012-01-05,0,Pro,Monthly,EU,6
ACC_0291,2011-09-16,2011-10-16,1,Enterprise,Monthly,NA,2
ACC_0292,2011-12-02,2012-01-01,0,Basic,Monthly,EU,2
ACC_0293,2011-12-08,2012-01-07,0,Pro,Monthly,NA,4
ACC_0294,2011-12-08,2012-01-07,0,Pro,Monthly,APAC,12
ACC_0295,2011-12-01,2011-12-31,0,Basic,Monthly,NA,6
ACC_0296,2011-11-04,2011-12-04,1,Basic,Monthly,APAC,5
ACC_0297,2011-04-14,2011-05-14,1,Pro,Monthly,EU,2
ACC_0298,2011-12-01,2011-12-31,0,Enterprise,Annual,APAC,26
ACC_0299,2011-10-04,2011-11-03,1,Pro,Monthly,NA,4
ACC_0300,2010-10-08,2010-11-07,1,Enterprise,Monthly,EU,2
ACC_0301,2011-12-07,2012-01-06,0,Enterprise,Monthly,NA,3
ACC_0302,2011-12-08,2012-01-07,0,Basic,Monthly,EU,6
ACC_0303,2011-11-21,2011-12-21,0,Pro,Monthly,NA,3
ACC_0304,2011-10-10,2011-11-09,1,Basic,Annual,NA,2
ACC_0305,2011-12-08,2012-01-07,0,Enterprise,Monthly,NA,24
ACC_0306,2011-11-17,2011-12-17,0,Basic,Annual,NA,11
ACC_0307,2011-11-09,2011-12-09,1,Basic,Annual,NA,6
ACC_0308,2011-12-01,2011-12-31,0,Pro,Monthly,EU,4
ACC_0309,2011-12-08,2012-01-07,0,Basic,Annual,NA,11
ACC_0310,2011-11-30,2011-12-30,0,Pro,Monthly,EU,3
ACC_0311,2011-12-01,2011-12-31,0,Basic,Annual,NA,3
ACC_0312,2011-10-19,2011-11-18,1,Enterprise,Annual,EU,12
ACC_0313,2011-11-24,2011-12-24,0,Pro,Annual,EU,4
ACC_0314,2011-12-06,2012-01-05,0,Basic,Monthly,NA,4
ACC_0315,2011-11-18,2011-12-18,0,Pro,Annual,EU,2
ACC_0316,2011-12-01,2011-12-31,0,Basic,Annual,APAC,2
ACC_0317,2011-12-01,2011-12-31,0,Pro,Monthly,EU,2
ACC_0318,2011-12-08,2012-01-07,0,Pro,Annual,NA,3
ACC_0319,2011-12-06,2012-01-05,0,Pro,Annual,NA,4
ACC_0320,2011-12-01,2011-12-31,0,Basic,Monthly,EU,5
ACC_0321,2011-10-19,2011-11-18,1,Basic,Annual,NA,6
ACC_0322,2011-12-01,2011-12-31,0,Pro,Monthly,EU,3
ACC_0323,2011-10-26,2011-11-25,1,Pro,Monthly,NA,6
ACC_0324,2010-10-11,2010-11-10,1,Basic,Monthly,EU,2
ACC_0325,2011-11-29,2011-12-29,0,Basic,Monthly,NA,2
ACC_0326,2011-08-17,2011-09-16,1,Basic,Annual,NA,3
ACC_0327,2011-06-29,2011-07-29,1,Pro,Monthly,APAC,4
ACC_0328,2011-11-22,2011-12-22,0,Basic,Monthly,APAC,5
ACC_0329,2011-11-23,2011-12-23,0,Basic,Monthly,APAC,5
ACC_0330,2011-11-18,2011-12-18,0,Enterprise,Monthly,APAC,9
ACC_0331,2011-11-29,2011-12-29,0,Basic,Annual,NA,2
ACC_0332,2011-12-04,2012-01-03,0,Pro,Annual,NA,4
ACC_0333,2011-11-20,2011-12-20,0,Basic,Monthly,NA,6
ACC_0334,2011-11-17,2011-12-17,0,Pro,Monthly,NA,4
ACC_0335,2011-12-01,2011-12-31,0,Pro,Monthly,NA,8
ACC_0336,2011-06-07,2011-07-07,1,Pro,Monthly,APAC,6
ACC_0337,2011-10-26,2011-11-25,1,Basic,Monthly,NA,3
ACC_0338,2011-11-30,2011-12-30,0,Basic,Monthly,NA,5
ACC_0339,2011-12-07,2012-01-06,0,Pro,Monthly,NA,10
ACC_0340,2011-12-07,2012-01-06,0,Basic,Monthly,NA,4
ACC_0341,2011-12-05,2012-01-04,0,Basic,Monthly,NA,6
ACC_0342,2011-11-29,2011-12-29,0,Basic,Monthly,EU,6
ACC_0343,2011-12-08,2012-01-07,0,Enterprise,Annual,NA,4
ACC_0344,2011-12-06,2012-01-05,0,Pro,Annual,EU,3
ACC_0345,2011-10-13,2011-11-12,1,Pro,Monthly,APAC,2
ACC_0346,2011-12-09,2012-01-08,0,Pro,Annual,EU,5
ACC_0347,2011-12-02,2012-01-01,0,Basic,Annual,EU,13
ACC_0348,2011-12-09,2012-01-08,0,Basic,Monthly,NA,6
ACC_0349,2011-12-09,2012-01-08,0,Basic,Monthly,NA,3
ACC_0350,2011-11-29,2011-12-29,0,Pro,Monthly,NA,5
ACC_0351,2011-12-04,2012-01-03,0,Basic,Annual,APAC,4
ACC_0352,2011-11-28,2011-12-28,0,Pro,Monthly,EU,30
ACC_0353,2011-12-02,2012-01-01,0,Pro,Monthly,NA,10
ACC_0354,2011-11-13,2011-12-13,0,Basic,Monthly,NA,3
ACC_0355,2011-12-06,2012-01-05,0,Pro,Monthly,EU,5
ACC_0356,2011-11-22,2011-12-22,0,Basic,Annual,EU,3
ACC_0357,2011-11-28,2011-12-28,0,Enterprise,Monthly,EU,5
ACC_0358,2011-11-22,2011-12-22,0,Enterprise,Annual,APAC,3
ACC_0359,2011-12-08,2012-01-07,0,Enterprise,Annual,EU,5
ACC_0360,2011-12-07,2012-01-06,0,Basic,Annual,EU,8
ACC_0361,2011-12-07,2012-01-06,0,Basic,Monthly,NA,30
ACC_0362,2011-12-08,2012-01-07,0,Basic,Annual,NA,12
ACC_0363,2011-12-06,2012-01-05,0,Basic,Monthly,APAC,25
ACC_0364,2011-11-28,2011-12-28,0,Basic,Monthly,EU,2
ACC_0365,2011-11-29,2011-12-29,0,Basic,Annual,NA,3
ACC_0366,2011-12-08,2012-01-07,0,Enterprise,Monthly,EU,7
ACC_0367,2011-09-28,2011-10-28,1,Basic,Monthly,NA,4
ACC_0368,2011-04-11,2011-05-11,1,Basic,Monthly,EU,4
ACC_0369,2011-11-30,2011-12-30,0,Pro,Annual,NA,3
ACC_0370,2011-12-08,2012-01-07,0,Pro,Annual,EU,6
ACC_0371,2011-11-16,2011-12-16,0,Pro,Monthly,NA,2
ACC_0372,2011-12-05,2012-01-04,0,Pro,Annual,NA,3
ACC_0373,2011-10-20,2011-11-19,1,Pro,Monthly,NA,5
ACC_0374,2011-11-03,2011-12-03,1,Pro,Monthly,EU,4
ACC_0375,2011-11-18,2011-12-18,0,Basic,Monthly,NA,6
ACC_0376,2011-12-08,2012-01-07,0,Pro,Annual,NA,6
ACC_0377,2011-12-08,2012-01-07,0,Basic,Monthly,EU,4
ACC_0378,2011-12-04,2012-01-03,0,Basic,Monthly,NA,13
ACC_0379,2011-12-06,2012-01-05,0,Basic,Monthly,NA,5
ACC_0380,2011-11-23,2011-12-23,0,Basic,Annual,NA,3
ACC_0381,2011-11-14,2011-12-14,0,Pro,Monthly,APAC,6
ACC_0382,2011-12-02,2012-01-01,0,Basic,Monthly,NA,6
ACC_0383,2011-12-08,2012-01-07,0,Basic,Annual,NA,13
ACC_0384,2011-12-08,2012-01-07,0,Basic,Monthly,NA,6
ACC_0385,2011-12-07,2012-01-06,0,Pro,Monthly,NA,9
ACC_0386,2011-12-08,2012-01-07,0,Basic,Monthly,NA,12
ACC_0387,2011-12-08,2012-01-07,0,Pro,Annual,NA,4
ACC_0388,2011-12-06,2012-01-05,0,Pro,Monthly,NA,4
ACC_0389,2011-12-06,2012-01-05,0,Basic,Monthly,NA,2
ACC_0390,2011-12-05,2012-01-04,0,Pro,Monthly,APAC,10
ACC_0391,2010-08-17,2010-09-16,1,Basic,Annual,NA,3
ACC_0392,2011-10-27,2011-11-26,1,Basic,Annual,NA,2
ACC_0393,2011-11-30,2011-12-30,0,Pro,Monthly,APAC,3
ACC_0394,2011-12-05,2012-01-04,0,Enterprise,Monthly,APAC,7
ACC_0395,2011-12-01,2011-12-31,0,Basic,Annual,EU,4
ACC_0396,2011-12-07,2012-01-06,0,Pro,Monthly,NA,3
ACC_0397,2011-10-12,2011-11-11,1,Basic,Monthly,NA,4
ACC_0398,2011-10-19,2011-11-18,1,Pro,Monthly,NA,3
ACC_0399,2011-11-13,2011-12-13,0,Pro,Monthly,NA,5
ACC_0400,2011-12-02,2012-01-01,0,Pro,Monthly,NA,6
ACC_0401,2011-12-08,2012-01-07,0,Pro,Monthly,EU,6
ACC_0402,2011-12-01,2011-12-31,0,Basic,Monthly,NA,13
ACC_0403,2011-10-30,2011-11-29,1,Pro,Monthly,EU,3
ACC_0404,2011-12-06,2012-01-05,0,Pro,Annual,NA,15
ACC_0405,2011-11-22,2011-12-22,0,Pro,Monthly,NA,7
ACC_0406,2011-11-29,2011-12-29,0,Basic,Monthly,EU,2
ACC_0407,2011-10-27,2011-11-26,1,Basic,Annual,APAC,5
ACC_0408,2011-10-07,2011-11-06,1,Basic,Monthly,NA,4
ACC_0409,2011-11-27,2011-12-27,0,Basic,Annual,EU,17
ACC_0410,2011-12-06,2012-01-05,0,Basic,Monthly,NA,6
ACC_0411,2011-12-06,2012-01-05,0,Basic,Annual,NA,6
ACC_0412,2011-11-27,2011-12-27,0,Pro,Monthly,EU,5
ACC_0413,2011-11-21,2011-12-21,0,Basic,Monthly,NA,3
ACC_0414,2011-09-21,2011-10-21,1,Pro,Monthly,NA,7
ACC_0415,2011-12-02,2012-01-01,0,Basic,Monthly,NA,6
ACC_0416,2011-11-28,2011-12-28,0,Pro,Monthly,NA,6
ACC_0417,2011-12-08,2012-01-07,0,Basic,Annual,NA,19
ACC_0418,2011-12-05,2012-01-04,0,Basic,Annual,NA,10
ACC_0419,2011-11-06,2011-12-06,1,Pro,Monthly,APAC,3
ACC_0420,2011-11-25,2011-12-25,0,Enterprise,Annual,EU,11
ACC_0421,2011-12-01,2011-12-31,0,Basic,Annual,NA,11
ACC_0422,2011-11-30,2011-12-30,0,Basic,Annual,NA,6
ACC_0423,2011-11-09,2011-12-09,1,Pro,Monthly,EU,6
ACC_0424,2011-11-02,2011-12-02,1,Pro,Monthly,NA,2
ACC_0425,2011-10-13,2011-11-12,1,Basic,Monthly,NA,5
ACC_0426,2011-11-24,2011-12-24,0,Basic,Monthly,EU,13
ACC_0427,2011-11-24,2011-12-24,0,Basic,Annual,NA,13
ACC_0428,2011-11-27,2011-12-27,0,Enterprise,Monthly,NA,13
ACC_0429,2011-12-06,2012-01-05,0,Basic,Monthly,NA,6
ACC_0430,2011-11-09,2011-12-09,1,Basic,Monthly,NA,3
ACC_0431,2011-12-05,2012-01-04,0,Enterprise,Annual,NA,10
ACC_0432,2011-11-30,2011-12-30,0,Basic,Monthly,APAC,2
ACC_0433,2011-11-08,2011-12-08,1,Basic,Monthly,NA,4
ACC_0434,2011-11-20,2011-12-20,0,Basic,Annual,EU,2
ACC_0435,2011-12-05,2012-01-04,0,Basic,Annual,EU,12
ACC_0436,2011-12-06,2012-01-05,0,Basic,Monthly,NA,5
ACC_0437,2011-11-30,2011-12-30,0,Basic,Annual,NA,11
ACC_0438,2011-12-02,2012-01-01,0,Pro,Annual,NA,10
ACC_0439,2011-11-18,2011-12-18,0,Pro,Monthly,EU,5
ACC_0440,2011-11-29,2011-12-29,0,Basic,Annual,NA,4
ACC_0441,2011-11-21,2011-12-21,0,Pro,Monthly,EU,4
ACC_0442,2011-12-05,2012-01-04,0,Basic,Monthly,APAC,6
ACC_0443,2011-11-22,2011-12-22,0,Enterprise,Monthly,EU,5
ACC_0444,2011-11-16,2011-12-16,0,Basic,Monthly,APAC,3
ACC_0445,2011-11-30,2011-12-30,0,Pro,Monthly,EU,11
ACC_0446,2011-12-02,2012-01-01,0,Basic,Monthly,APAC,6
ACC_0447,2011-10-20,2011-11-19,1,Pro,Monthly,EU,4
ACC_0448,2011-11-21,2011-12-21,0,Basic,Monthly,EU,2
ACC_0449,2011-12-08,2012-01-07,0,Pro,Monthly,EU,28
ACC_0450,2011-11-21,2011-12-21,0,Basic,Monthly,APAC,5
ACC_0451,2011-11-14,2011-12-14,0,Enterprise,Monthly,NA,4
ACC_0452,2011-12-01,2011-12-31,0,Basic,Monthly,EU,6
ACC_0453,2011-03-24,2011-04-23,1,Pro,Monthly,NA,2
ACC_0454,2011-11-21,2011-12-21,0,Pro,Annual,APAC,3
ACC_0455,2011-11-10,2011-12-10,0,Enterprise,Monthly,NA,4
ACC_0456,2011-12-08,2012-01-07,0,Basic,Annual,EU,2
ACC_0457,2011-12-08,2012-01-07,0,Basic,Monthly,EU,6
ACC_0458,2011-12-07,2012-01-06,0,Basic,Annual,APAC,3
ACC_0459,2011-12-08,2012-01-07,0,Basic,Annual,NA,30
ACC_0460,2011-11-03,2011-12-03,1,Pro,Annual,EU,5
ACC_0461,2011-08-18,2011-09-17,1,Enterprise,Monthly,EU,3
ACC_0462,2011-12-08,2012-01-07,0,Enterprise,Monthly,APAC,6
ACC_0463,2011-10-05,2011-11-04,1,Basic,Monthly,APAC,6
ACC_0464,2011-11-30,2011-12-30,0,Pro,Monthly,EU,6
ACC_0465,2011-11-23,2011-12-23,0,Pro,Annual,EU,3
ACC_0466,2011-07-14,2011-08-13,1,Enterprise,Annual,NA,4
ACC_0467,2011-10-06,2011-11-05,1,Basic,Monthly,APAC,6
ACC_0468,2011-11-17,2011-12-17,0,Basic,Monthly,NA,3
ACC_0469,2011-12-02,2012-01-01,0,Pro,Monthly,EU,3
ACC_0470,2011-12-05,2012-01-04,0,Basic,Monthly,EU,6
ACC_0471,2011-06-20,2011-07-20,1,Basic,Monthly,NA,3
ACC_0472,2011-12-05,2012-01-04,0,Enterprise,Monthly,NA,14
ACC_0473,2011-12-07,2012-01-06,0,Enterprise,Annual,NA,6
ACC_0474,2011-12-09,2012-01-08,0,Enterprise,Monthly,APAC,23
ACC_0475,2011-08-28,2011-09-27,1,Pro,Monthly,NA,3
ACC_0476,2011-11-07,2011-12-07,1,Basic,Monthly,NA,14
ACC_0477,2011-12-09,2012-01-08,0,Basic,Annual,EU,11
ACC_0478,2011-03-30,2011-04-29,1,Basic,Monthly,NA,2
ACC_0479,2011-12-05,2012-01-04,0,Pro,Monthly,APAC,4
ACC_0480,2011-12-01,2011-12-31,0,Basic,Monthly,NA,25
ACC_0481,2011-10-30,2011-11-29,1,Pro,Monthly,NA,6
ACC_0482,2011-12-05,2012-01-04,0,Basic,Monthly,NA,4
ACC_0483,2011-12-08,2012-01-07,0,Pro,Monthly,NA,27
ACC_0484,2011-11-01,2011-12-01,1,Basic,Monthly,NA,2
ACC_0485,2011-11-20,2011-12-20,0,Basic,Annual,EU,4
ACC_0486,2011-11-24,2011-12-24,0,Basic,Monthly,NA,2
ACC_0487,2011-12-01,2011-12-31,0,Basic,Monthly,NA,5
ACC_0488,2011-11-27,2011-12-27,0,Pro,Monthly,NA,3
ACC_0489,2011-10-16,2011-11-15,1,Basic,Annual,NA,5
ACC_0490,2011-12-08,2012-01-07,0,Basic,Annual,APAC,3
ACC_0491,2011-11-13,2011-12-13,0,Pro,Annual,NA,4
ACC_0492,2011-11-10,2011-12-10,0,Pro,Monthly,APAC,3
ACC_0493,2011-12-08,2012-01-07,0,Basic,Monthly,NA,3
ACC_0494,2011-11-14,2011-12-14,0,Basic,Annual,NA,4
ACC_0495,2011-11-10,2011-12-10,0,Basic,Annual,NA,4
ACC_0496,2011-11-30,2011-12-30,0,Pro,Monthly,NA,6
ACC_0497,2011-12-07,2012-01-06,0,Basic,Monthly,EU,3
ACC_0498,2011-11-25,2011-12-25,0,Basic,Monthly,NA,4
ACC_0499,2011-10-30,2011-11-29,1,Basic,Annual,NA,4
ACC_0500,2011-12-08,2012-01-07,0,Pro,Monthly,EU,14
ACC_0501,2011-11-22,2011-12-22,0,Basic,Monthly,EU,3
ACC_0502,2011-12-07,2012-01-06,0,Pro,Monthly,APAC,3
ACC_0503,2011-11-24,2011-12-24,0,Basic,Monthly,APAC,6
ACC_0504,2011-11-28,2011-12-28,0,Pro,Monthly,EU,5
ACC_0505,2011-11-27,2011-12-27,0,Basic,Monthly,EU,3
ACC_0506,2011-12-08,2012-01-07,0,Basic,Annual,EU,6
ACC_0507,2011-12-07,2012-01-06,0,Basic,Monthly,NA,6
ACC_0508,2011-12-01,2011-12-31,0,Pro,Monthly,EU,5
ACC_0509,2011-11-20,2011-12-20,0,Pro,Monthly,NA,3
ACC_0510,2011-12-02,2012-01-01,0,Basic,Monthly,EU,8
ACC_0511,2011-12-02,2012-01-01,0,Basic,Monthly,APAC,6
ACC_0512,2011-12-05,2012-01-04,0,Enterprise,Monthly,NA,2
ACC_0513,2011-11-27,2011-12-27,0,Basic,Monthly,EU,5
ACC_0514,2011-11-15,2011-12-15,0,Basic,Annual,APAC,5
ACC_0515,2011-11-28,2011-12-28,0,Basic,Monthly,NA,3
ACC_0516,2011-12-07,2012-01-06,0,Pro,Monthly,NA,12
ACC_0517,2011-11-02,2011-12-02,1,Pro,Monthly,APAC,3
ACC_0518,2011-11-16,2011-12-16,0,Pro,Annual,APAC,6
ACC_0519,2011-10-20,2011-11-19,1,Enterprise,Monthly,NA,6
ACC_0520,2011-12-01,2011-12-31,0,Basic,Annual,NA,13
ACC_0521,2011-11-03,2011-12-03,1,Basic,Annual,EU,3
ACC_0522,2011-11-30,2011-12-30,0,Basic,Monthly,NA,6
ACC_0523,2011-11-29,2011-12-29,0,Basic,Monthly,NA,6
ACC_0524,2011-12-05,2012-01-04,0,Basic,Annual,NA,6
ACC_0525,2011-12-05,2012-01-04,0,Basic,Monthly,NA,8
ACC_0526,2011-12-05,2012-01-04,0,Basic,Monthly,EU,9
ACC_0527,2011-06-26,2011-07-26,1,Pro,Monthly,EU,3
ACC_0528,2011-11-21,2011-12-21,0,Basic,Monthly,EU,3
ACC_0529,2011-11-03,2011-12-03,1,Basic,Monthly,EU,6
ACC_0530,2011-11-30,2011-12-30,0,Pro,Monthly,NA,2
ACC_0531,2011-11-17,2011-12-17,0,Pro,Monthly,NA,3
ACC_0532,2011-11-14,2011-12-14,0,Pro,Monthly,NA,2
ACC_0533,2011-10-20,2011-11-19,1,Pro,Monthly,NA,6
ACC_0534,2011-11-21,2011-12-21,0,Pro,Annual,NA,5
ACC_0535,2011-09-12,2011-10-12,1,Basic,Monthly,NA,2
ACC_0536,2011-11-21,2011-12-21,0,Basic,Monthly,NA,6
ACC_0537,2011-11-30,2011-12-30,0,Pro,Monthly,NA,5
ACC_0538,2010-10-15,2010-11-14,1,Basic,Monthly,EU,2
ACC_0539,2011-12-05,2012-01-04,0,Basic,Monthly,EU,5
ACC_0540,2011-12-09,2012-01-08,0,Basic,Monthly,APAC,23
ACC_0541,2011-11-15,2011-12-15,0,Basic,Monthly,EU,6
ACC_0542,2011-11-28,2011-12-28,0,Basic,Monthly,EU,16
ACC_0543,2011-11-25,2011-12-25,0,Basic,Monthly,NA,3
ACC_0544,2011-11-27,2011-12-27,0,Pro,Monthly,EU,8
ACC_0545,2011-12-07,2012-01-06,0,Enterprise,Monthly,NA,10
ACC_0546,2011-11-15,2011-12-15,0,Basic,Monthly,NA,4
ACC_0547,2011-11-08,2011-12-08,1,Enterprise,Monthly,NA,5
ACC_0548,2011-12-02,2012-01-01,0,Basic,Monthly,NA,2
ACC_0549,2010-10-17,2010-11-16,1,Enterprise,Monthly,NA,3
ACC_0550,2011-12-04,2012-01-03,0,Enterprise,Monthly,EU,12
ACC_0551,2011-11-07,2011-12-07,1,Basic,Monthly,EU,2
ACC_0552,2011-11-29,2011-12-29,0,Pro,Monthly,EU,4
ACC_0553,2011-12-09,2012-01-08,0,Enterprise,Annual,EU,14
ACC_0554,2011-11-16,2011-12-16,0,Enterprise,Monthly,NA,3
ACC_0555,2011-11-17,2011-12-17,0,Enterprise,Monthly,NA,4
ACC_0556,2011-11-23,2011-12-23,0,Pro,Monthly,EU,3
ACC_0557,2011-10-21,2011-11-20,1,Basic,Annual,NA,5
ACC_0558,2011-12-06,2012-01-05,0,Pro,Monthly,NA,12
ACC_0559,2011-11-28,2011-12-28,0,Pro,Monthly,NA,18
ACC_0560,2011-12-05,2012-01-04,0,Pro,Annual,APAC,4
ACC_0561,2011-12-05,2012-01-04,0,Basic,Monthly,EU,2
ACC_0562,2011-11-27,2011-12-27,0,Pro,Annual,NA,5
ACC_0563,2011-12-04,2012-01-03,0,Basic,Monthly,EU,6
ACC_0564,2011-11-25,2011-12-25,0,Pro,Monthly,NA,7
ACC_0565,2010-10-26,2010-11-25,1,Basic,Monthly,NA,2
ACC_0566,2011-12-08,2012-01-07,0,Pro,Monthly,NA,5
ACC_0567,2011-12-08,2012-01-07,0,Pro,Annual,NA,19
ACC_0568,2011-11-30,2011-12-30,0,Basic,Monthly,EU,2
ACC_0569,2011-12-09,2012-01-08,0,Basic,Annual,NA,15
ACC_0570,2011-11-20,2011-12-20,0,Basic,Monthly,EU,6
ACC_0571,2011-10-03,2011-11-02,1,Enterprise,Monthly,NA,6
ACC_0572,2011-12-05,2012-01-04,0,Pro,Annual,EU,13
ACC_0573,2011-09-18,2011-10-18,1,Basic,Monthly,EU,4
ACC_0574,2011-12-01,2011-12-31,0,Basic,Annual,EU,4
ACC_0575,2011-11-24,2011-12-24,0,Basic,Monthly,EU,4
ACC_0576,2011-11-08,2011-12-08,1,Basic,Annual,APAC,5
ACC_0577,2011-11-22,2011-12-22,0,Enterprise,Monthly,NA,5
ACC_0578,2011-12-07,2012-01-06,0,Pro,Monthly,EU,15
ACC_0579,2011-12-07,2012-01-06,0,Basic,Monthly,EU,11
ACC_0580,2011-12-06,2012-01-05,0,Pro,Monthly,NA,2
ACC_0581,2011-11-03,2011-12-03,1,Basic,Monthly,NA,4
ACC_0582,2011-12-07,2012-01-06,0,Pro,Monthly,NA,16
ACC_0583,2011-12-06,2012-01-05,0,Basic,Annual,NA,6
ACC_0584,2011-12-04,2012-01-03,0,Pro,Monthly,NA,13
ACC_0585,2011-12-02,2012-01-01,0,Enterprise,Annual,NA,5
ACC_0586,2011-11-09,2011-12-09,1,Basic,Annual,EU,3
ACC_0587,2011-11-17,2011-12-17,0,Pro,Monthly,NA,3
ACC_0588,2011-08-12,2011-09-11,1,Enterprise,Monthly,EU,4
ACC_0589,2011-11-23,2011-12-23,0,Basic,Monthly,NA,11
ACC_0590,2011-11-30,2011-12-30,0,Basic,Monthly,EU,4
ACC_0591,2011-11-23,2011-12-23,0,Pro,Monthly,NA,3
ACC_0592,2010-10-18,2010-11-17,1,Basic,Monthly,NA,3
ACC_0593,2011-11-17,2011-12-17,0,Basic,Monthly,NA,3
ACC_0594,2011-12-06,2012-01-05,0,Basic,Monthly,EU,5
ACC_0595,2011-12-02,2012-01-01,0,Pro,Monthly,NA,26
ACC_0596,2011-10-09,2011-11-08,1,Basic,Monthly,APAC,3
ACC_0597,2011-11-30,2011-12-30,0,Basic,Monthly,NA,12
ACC_0598,2011-12-01,2011-12-31,0,Pro,Monthly,EU,6
ACC_0599,2011-11-22,2011-12-22,0,Basic,Annual,NA,6
ACC_0600,2011-10-19,2011-11-18,1,Pro,Monthly,EU,2
ACC_0601,2011-12-06,2012-01-05,0,Basic,Monthly,NA,4
ACC_0602,2011-11-21,2011-12-21,0,Enterprise,Monthly,NA,3
ACC_0603,2011-10-05,2011-11-04,1,Pro,Monthly,NA,2
ACC_0604,2011-12-06,2012-01-05,0,Basic,Monthly,NA,6
ACC_0605,2011-12-05,2012-01-04,0,Pro,Monthly,NA,6
ACC_0606,2011-12-01,2011-12-31,0,Basic,Annual,APAC,2
ACC_0607,2011-10-05,2011-11-04,1,Basic,Monthly,NA,3
ACC_0608,2011-12-08,2012-01-07,0,Basic,Annual,NA,13
ACC_0609,2011-10-20,2011-11-19,1,Pro,Monthly,APAC,7
ACC_0610,2011-12-08,2012-01-07,0,Basic,Monthly,NA,30
ACC_0611,2011-11-20,2011-12-20,0,Basic,Monthly,NA,24
ACC_0612,2011-09-22,2011-10-22,1,Basic,Monthly,EU,2
ACC_0613,2011-11-15,2011-12-15,0,Basic,Annual,APAC,3
ACC_0614,2011-12-01,2011-12-31,0,Basic,Annual,EU,4
ACC_0615,2011-11-23,2011-12-23,0,Basic,Annual,NA,13
ACC_0616,2011-11-22,2011-12-22,0,Basic,Monthly,APAC,5
ACC_0617,2010-10-12,2010-11-11,1,Basic,Annual,NA,2
ACC_0618,2011-11-30,2011-12-30,0,Pro,Monthly,APAC,3
ACC_0619,2011-12-07,2012-01-06,0,Basic,Annual,EU,10
ACC_0620,2011-11-18,2011-12-18,0,Pro,Monthly,APAC,4
ACC_0621,2011-12-04,2012-01-03,0,Basic,Monthly,NA,6
ACC_0622,2010-09-03,2010-10-03,1,Basic,Monthly,NA,3
ACC_0623,2011-11-30,2011-12-30,0,Basic,Monthly,EU,7
ACC_0624,2011-11-17,2011-12-17,0,Basic,Monthly,NA,5
ACC_0625,2011-11-22,2011-12-22,0,Basic,Annual,NA,10
ACC_0626,2011-12-06,2012-01-05,0,Pro,Annual,APAC,8
ACC_0627,2011-12-08,2012-01-07,0,Basic,Annual,EU,3
ACC_0628,2011-12-04,2012-01-03,0,Basic,Monthly,NA,9
ACC_0629,2011-12-02,2012-01-01,0,Pro,Monthly,NA,5
ACC_0630,2011-11-15,2011-12-15,0,Basic,Monthly,NA,4
ACC_0631,2011-11-28,2011-12-28,0,Basic,Monthly,NA,6
ACC_0632,2011-12-08,2012-01-07,0,Basic,Monthly,NA,13
ACC_0633,2011-12-07,2012-01-06,0,Basic,Monthly,EU,13
ACC_0634,2011-12-01,2011-12-31,0,Basic,Monthly,EU,3
ACC_0635,2011-12-05,2012-01-04,0,Pro,Monthly,NA,3
ACC_0636,2011-10-09,2011-11-08,1,Enterprise,Monthly,NA,3
ACC_0637,2011-11-11,2011-12-11,0,Basic,Monthly,EU,7
ACC_0638,2011-12-08,2012-01-07,0,Pro,Monthly,EU,14
ACC_0639,2011-11-21,2011-12-21,0,Pro,Annual,APAC,3
ACC_0640,2011-11-27,2011-12-27,0,Basic,Monthly,NA,4
ACC_0641,2011-11-20,2011-12-20,0,Pro,Annual,EU,6
ACC_0642,2011-10-26,2011-11-25,1,Pro,Monthly,NA,4
ACC_0643,2011-11-22,2011-12-22,0,Enterprise,Annual,NA,2
ACC_0644,2011-12-07,2012-01-06,0,Enterprise,Annual,APAC,6
ACC_0645,2011-12-09,2012-01-08,0,Basic,Annual,NA,18
ACC_0646,2011-07-27,2011-08-26,1,Basic,Monthly,NA,2
ACC_0647,2011-07-13,2011-08-12,1,Basic,Monthly,NA,2
ACC_0648,2011-09-13,2011-10-13,1,Basic,Monthly,NA,3
ACC_0649,2011-10-26,2011-11-25,1,Basic,Monthly,NA,2
ACC_0650,2011-12-07,2012-01-06,0,Enterprise,Monthly,EU,6
ACC_0651,2011-11-18,2011-12-18,0,Basic,Monthly,NA,2
ACC_0652,2011-11-20,2011-12-20,0,Basic,Monthly,NA,4
ACC_0653,2011-11-16,2011-12-16,0,Pro,Monthly,APAC,5
ACC_0654,2011-12-02,2012-01-01,0,Basic,Monthly,NA,18
ACC_0655,2011-12-06,2012-01-05,0,Basic,Monthly,APAC,14
ACC_0656,2011-11-20,2011-12-20,0,Enterprise,Annual,NA,5
ACC_0657,2011-12-05,2012-01-04,0,Basic,Annual,EU,6
ACC_0658,2011-12-08,2012-01-07,0,Basic,Monthly,NA,6
ACC_0659,2011-12-07,2012-01-06,0,Basic,Monthly,EU,6
ACC_0660,2011-12-07,2012-01-06,0,Enterprise,Monthly,NA,10
ACC_0661,2010-10-21,2010-11-20,1,Basic,Monthly,APAC,2
ACC_0662,2011-11-29,2011-12-29,0,Basic,Monthly,NA,13
ACC_0663,2011-11-15,2011-12-15,0,Basic,Monthly,EU,3
ACC_0664,2011-12-09,2012-01-08,0,Basic,Annual,NA,6
ACC_0665,2011-11-24,2011-12-24,0,Enterprise,Monthly,NA,5
ACC_0666,2011-12-06,2012-01-05,0,Basic,Annual,NA,16
ACC_0667,2011-12-05,2012-01-04,0,Enterprise,Monthly,NA,6
ACC_0668,2011-10-20,2011-11-19,1,Basic,Monthly,NA,2
ACC_0669,2011-12-05,2012-01-04,0,Basic,Annual,EU,4
ACC_0670,2011-12-05,2012-01-04,0,Pro,Monthly,NA,2
ACC_0671,2011-11-03,2011-12-03,1,Basic,Annual,NA,2
ACC_0672,2011-11-22,2011-12-22,0,Basic,Monthly,NA,6
ACC_0673,2011-11-24,2011-12-24,0,Pro,Monthly,NA,5
ACC_0674,2011-11-24,2011-12-24,0,Basic,Monthly,NA,4
ACC_0675,2011-11-08,2011-12-08,1,Basic,Annual,EU,2
ACC_0676,2011-12-09,2012-01-08,0,Enterprise,Monthly,NA,23
ACC_0677,2011-06-15,2011-07-15,1,Basic,Annual,APAC,4
ACC_0678,2011-10-28,2011-11-27,1,Basic,Annual,NA,2
ACC_0679,2011-11-30,2011-12-30,0,Basic,Monthly,NA,12
ACC_0680,2010-11-10,2010-12-10,1,Basic,Monthly,APAC,2
ACC_0681,2011-12-07,2012-01-06,0,Basic,Annual,NA,13
ACC_0682,2011-12-08,2012-01-07,0,Pro,Annual,NA,27
ACC_0683,2011-12-09,2012-01-08,0,Basic,Monthly,APAC,5
ACC_0684,2011-12-06,2012-01-05,0,Pro,Monthly,APAC,5
ACC_0685,2011-11-25,2011-12-25,0,Basic,Monthly,EU,13
ACC_0686,2011-11-01,2011-12-01,1,Basic,Monthly,NA,3
ACC_0687,2011-11-08,2011-12-08,1,Basic,Annual,EU,6
ACC_0688,2011-10-17,2011-11-16,1,Pro,Monthly,APAC,4
ACC_0689,2011-11-28,2011-12-28,0,Basic,Monthly,APAC,5
ACC_0690,2011-12-05,2012-01-04,0,Basic,Monthly,NA,6
ACC_0691,2011-11-09,2011-12-09,1,Pro,Monthly,NA,4
ACC_0692,2011-08-17,2011-09-16,1,Pro,Monthly,NA,3
ACC_0693,2011-12-02,2012-01-01,0,Basic,Annual,NA,3
ACC_0694,2011-11-20,2011-12-20,0,Enterprise,Monthly,EU,2
ACC_0695,2011-12-06,2012-01-05,0,Basic,Monthly,NA,2
ACC_0696,2011-11-09,2011-12-09,1,Basic,Annual,NA,5
ACC_0697,2011-11-29,2011-12-29,0,Basic,Monthly,NA,6
ACC_0698,2011-10-10,2011-11-09,1,Basic,Monthly,NA,3
ACC_0699,2011-12-07,2012-01-06,0,Basic,Monthly,NA,15
ACC_0700,2011-12-08,2012-01-07,0,Pro,Annual,NA,6
ACC_0701,2011-11-28,2011-12-28,0,Basic,Annual,NA,2
ACC_0702,2011-10-05,2011-11-04,1,Pro,Monthly,APAC,2
ACC_0703,2011-11-16,2011-12-16,0,Enterprise,Monthly,NA,3
ACC_0704,2011-11-16,2011-12-16,0,Pro,Monthly,NA,3
ACC_0705,2011-12-07,2012-01-06,0,Pro,Monthly,NA,13
ACC_0706,2011-11-24,2011-12-24,0,Pro,Monthly,NA,3
ACC_0707,2011-11-01,2011-12-01,1,Enterprise,Annual,NA,5
ACC_0708,2011-12-08,2012-01-07,0,Basic,Annual,NA,6
ACC_0709,2011-12-01,2011-12-31,0,Basic,Monthly,NA,3
ACC_0710,2011-11-03,2011-12-03,1,Basic,Annual,NA,5
ACC_0711,2011-12-05,2012-01-04,0,Basic,Annual,EU,23
ACC_0712,2011-11-17,2011-12-17,0,Basic,Monthly,NA,3
ACC_0713,2011-12-05,2012-01-04,0,Pro,Monthly,NA,4
ACC_0714,2011-11-27,2011-12-27,0,Basic,Annual,EU,10
ACC_0715,2011-11-04,2011-12-04,1,Enterprise,Monthly,NA,3
ACC_0716,2011-12-08,2012-01-07,0,Basic,Annual,NA,10
ACC_0717,2011-12-05,2012-01-04,0,Basic,Monthly,NA,9
ACC_0718,2011-12-05,2012-01-04,0,Basic,Monthly,NA,3
ACC_0719,2011-11-30,2011-12-30,0,Basic,Annual,NA,4
ACC_0720,2011-11-16,2011-12-16,0,Basic,Monthly,APAC,5
ACC_0721,2011-11-27,2011-12-27,0,Basic,Monthly,APAC,4
ACC_0722,2011-12-08,2012-01-07,0,Basic,Monthly,APAC,15
ACC_0723,2011-12-09,2012-01-08,0,Basic,Monthly,NA,15
ACC_0724,2011-11-22,2011-12-22,0,Basic,Monthly,NA,6
ACC_0725,2011-12-05,2012-01-04,0,Basic,Monthly,NA,9
ACC_0726,2011-11-01,2011-12-01,1,Basic,Monthly,NA,5
ACC_0727,2011-12-06,2012-01-05,0,Basic,Monthly,NA,5
ACC_0728,2011-11-27,2011-12-27,0,Basic,Monthly,NA,3
ACC_0729,2011-11-22,2011-12-22,0,Basic,Annual,NA,3
ACC_0730,2011-12-06,2012-01-05,0,Basic,Monthly,NA,3
ACC_0731,2011-11-29,2011-12-29,0,Pro,Monthly,NA,3
ACC_0732,2011-12-09,2012-01-08,0,Enterprise,Monthly,EU,8
ACC_0733,2011-12-05,2012-01-04,0,Enterprise,Monthly,NA,12
ACC_0734,2011-12-07,2012-01-06,0,Basic,Annual,APAC,2
ACC_0735,2011-11-28,2011-12-28,0,Basic,Monthly,NA,4
ACC_0736,2011-11-28,2011-12-28,0,Basic,Monthly,NA,14
ACC_0737,2011-11-09,2011-12-09,1,Pro,Annual,NA,5
ACC_0738,2011-12-07,2012-01-06,0,Pro,Annual,NA,5
ACC_0739,2011-12-07,2012-01-06,0,Pro,Annual,NA,4
ACC_0740,2011-11-11,2011-12-11,0,Pro,Annual,NA,6
ACC_0741,2010-04-22,2010-05-22,1,Basic,Annual,EU,2
ACC_0742,2011-11-10,2011-12-10,0,Pro,Monthly,NA,4
ACC_0743,2011-11-27,2011-12-27,0,Pro,Monthly,NA,9
ACC_0744,2011-11-22,2011-12-22,0,Basic,Monthly,APAC,6
ACC_0745,2011-11-17,2011-12-17,0,Enterprise,Monthly,NA,4
ACC_0746,2011-11-14,2011-12-14,0,Basic,Monthly,EU,5
ACC_0747,2011-12-07,2012-01-06,0,Enterprise,Monthly,NA,9
ACC_0748,2011-12-07,2012-01-06,0,Pro,Monthly,NA,5
ACC_0749,2011-11-29,2011-12-29,0,Basic,Annual,NA,12
ACC_0750,2010-07-25,2010-08-24,1,Pro,Annual,NA,2
ACC_0751,2011-12-04,2012-01-03,0,Basic,Monthly,EU,3
ACC_0752,2011-12-06,2012-01-05,0,Pro,Monthly,NA,4
ACC_0753,2011-08-12,2011-09-11,1,Pro,Monthly,NA,2
ACC_0754,2011-12-08,2012-01-07,0,Pro,Monthly,NA,30
ACC_0755,2011-11-22,2011-12-22,0,Pro,Annual,APAC,2
ACC_0756,2011-12-02,2012-01-01,0,Basic,Annual,EU,2
ACC_0757,2011-12-04,2012-01-03,0,Basic,Annual,APAC,20
ACC_0758,2011-10-14,2011-11-13,1,Basic,Annual,EU,3
ACC_0759,2011-12-02,2012-01-01,0,Basic,Annual,EU,3
ACC_0760,2010-05-19,2010-06-18,1,Basic,Monthly,NA,2
ACC_0761,2011-11-28,2011-12-28,0,Basic,Monthly,APAC,3
ACC_0762,2011-11-16,2011-12-16,0,Basic,Monthly,NA,14
ACC_0763,2011-11-13,2011-12-13,0,Basic,Monthly,NA,15
ACC_0764,2011-12-05,2012-01-04,0,Pro,Monthly,EU,4
ACC_0765,2011-10-05,2011-11-04,1,Basic,Monthly,NA,5
ACC_0766,2011-12-07,2012-01-06,0,Pro,Annual,NA,6
ACC_0767,2011-12-07,2012-01-06,0,Basic,Monthly,NA,9
ACC_0768,2011-12-08,2012-01-07,0,Basic,Annual,NA,8
ACC_0769,2011-12-06,2012-01-05,0,Basic,Annual,EU,3
ACC_0770,2011-12-05,2012-01-04,0,Basic,Monthly,NA,2
ACC_0771,2011-10-30,2011-11-29,1,Basic,Monthly,EU,4
ACC_0772,2011-07-14,2011-08-13,1,Basic,Monthly,NA,2
ACC_0773,2011-12-07,2012-01-06,0,Basic,Monthly,EU,6
ACC_0774,2011-08-24,2011-09-23,1,Basic,Monthly,NA,5
ACC_0775,2011-11-04,2011-12-04,1,Pro,Annual,APAC,5
ACC_0776,2011-10-13,2011-11-12,1,Basic,Monthly,NA,6
ACC_0777,2011-10-10,2011-11-09,1,Pro,Monthly,NA,2
ACC_0778,2011-12-06,2012-01-05,0,Basic,Annual,NA,14
ACC_0779,2011-11-28,2011-12-28,0,Enterprise,Monthly,NA,4
ACC_0780,2011-11-29,2011-12-29,0,Pro,Monthly,NA,6
ACC_0781,2011-09-22,2011-10-22,1,Enterprise,Monthly,EU,4
ACC_0782,2011-12-08,2012-01-07,0,Pro,Monthly,APAC,5
ACC_0783,2011-12-01,2011-12-31,0,Basic,Monthly,EU,8
ACC_0784,2011-11-25,2011-12-25,0,Basic,Monthly,NA,11
ACC_0785,2011-11-22,2011-12-22,0,Basic,Monthly,NA,3
ACC_0786,2011-11-10,2011-12-10,0,Pro,Monthly,EU,3
ACC_0787,2011-12-06,2012-01-05,0,Pro,Monthly,EU,5
ACC_0788,2011-12-01,2011-12-31,0,Basic,Monthly,NA,5
ACC_0789,2011-10-20,2011-11-19,1,Enterprise,Monthly,APAC,3
ACC_0790,2011-11-15,2011-12-15,0,Basic,Monthly,NA,2
ACC_0791,2011-12-09,2012-01-08,0,Pro,Monthly,EU,7
ACC_0792,2011-12-05,2012-01-04,0,Pro,Monthly,APAC,21
ACC_0793,2011-12-09,2012-01-08,0,Basic,Monthly,EU,6
ACC_0794,2011-10-31,2011-11-30,1,Pro,Monthly,NA,5
ACC_0795,2011-11-17,2011-12-17,0,Pro,Annual,EU,2
ACC_0796,2011-12-09,2012-01-08,0,Basic,Monthly,NA,29
ACC_0797,2011-12-08,2012-01-07,0,Basic,Annual,EU,11
ACC_0798,2011-11-03,2011-12-03,1,Basic,Monthly,NA,2
ACC_0799,2011-12-07,2012-01-06,0,Pro,Monthly,EU,6
ACC_0800,2011-12-08,2012-01-07,0,Basic,Annual,APAC,3
ACC_0801,2011-11-24,2011-12-24,0,Enterprise,Annual,NA,5
ACC_0802,2011-11-29,2011-12-29,0,Pro,Annual,NA,11
ACC_0803,2011-10-26,2011-11-25,1,Basic,Monthly,EU,4
ACC_0804,2011-09-21,2011-10-21,1,Basic,Annual,NA,2
ACC_0805,2010-11-09,2010-12-09,1,Pro,Monthly,NA,3
ACC_0806,2011-12-06,2012-01-05,0,Pro,Monthly,NA,4
ACC_0807,2011-10-05,2011-11-04,1,Basic,Monthly,NA,3
ACC_0808,2011-12-09,2012-01-08,0,Basic,Annual,EU,13
ACC_0809,2011-11-22,2011-12-22,0,Basic,Monthly,EU,2
ACC_0810,2011-12-07,2012-01-06,0,Enterprise,Annual,NA,3
ACC_0811,2011-09-25,2011-10-25,1,Basic,Monthly,NA,2
ACC_0812,2011-10-13,2011-11-12,1,Pro,Annual,NA,3
ACC_0813,2011-12-07,2012-01-06,0,Basic,Annual,NA,6
ACC_0814,2011-11-24,2011-12-24,0,Enterprise,Annual,EU,2
ACC_0815,2011-11-22,2011-12-22,0,Basic,Monthly,NA,4
ACC_0816,2011-12-08,2012-01-07,0,Basic,Monthly,NA,6
ACC_0817,2011-12-08,2012-01-07,0,Enterprise,Monthly,APAC,6
ACC_0818,2011-11-14,2011-12-14,0,Enterprise,Monthly,NA,6
ACC_0819,2011-11-15,2011-12-15,0,Basic,Monthly,EU,6
ACC_0820,2011-11-16,2011-12-16,0,Basic,Monthly,NA,6
ACC_0821,2011-12-08,2012-01-07,0,Basic,Monthly,NA,4
ACC_0822,2011-11-25,2011-12-25,0,Basic,Monthly,NA,4
ACC_0823,2011-11-25,2011-12-25,0,Basic,Monthly,EU,2
ACC_0824,2011-11-15,2011-12-15,0,Pro,Annual,EU,3
ACC_0825,2011-12-02,2012-01-01,0,Basic,Monthly,NA,2
ACC_0826,2011-10-20,2011-11-19,1,Pro,Annual,NA,4
ACC_0827,2011-12-01,2011-12-31,0,Basic,Annual,NA,5
ACC_0828,2011-12-09,2012-01-08,0,Basic,Monthly,EU,6
ACC_0829,2011-12-02,2012-01-01,0,Pro,Annual,EU,3
ACC_0830,2010-03-30,2010-04-29,1,Basic,Monthly,EU,2
ACC_0831,2011-12-07,2012-01-06,0,Pro,Monthly,APAC,6
ACC_0832,2011-11-27,2011-12-27,0,Basic,Monthly,NA,5
ACC_0833,2011-12-07,2012-01-06,0,Enterprise,Monthly,EU,7
ACC_0834,2011-12-02,2012-01-01,0,Pro,Monthly,EU,6
ACC_0835,2011-11-17,2011-12-17,0,Pro,Monthly,NA,2
ACC_0836,2011-10-13,2011-11-12,1,Basic,Annual,APAC,2
ACC_0837,2011-06-19,2011-07-19,1,Basic,Monthly,NA,2
ACC_0838,2011-12-08,2012-01-07,0,Basic,Annual,EU,14
ACC_0839,2011-12-08,2012-01-07,0,Basic,Annual,EU,13
ACC_0840,2011-12-08,2012-01-07,0,Basic,Monthly,APAC,23
ACC_0841,2011-12-08,2012-01-07,0,Basic,Monthly,NA,3
ACC_0842,2011-12-08,2012-01-07,0,Basic,Annual,NA,4
ACC_0843,2011-11-29,2011-12-29,0,Basic,Monthly,EU,7
ACC_0844,2011-12-02,2012-01-01,0,Basic,Monthly,EU,12
ACC_0845,2011-11-23,2011-12-23,0,Basic,Monthly,NA,6
ACC_0846,2011-12-06,2012-01-05,0,Basic,Annual,EU,6
ACC_0847,2011-11-29,2011-12-29,0,Pro,Monthly,NA,3
ACC_0848,2011-11-17,2011-12-17,0,Basic,Monthly,EU,6
ACC_0849,2011-11-13,2011-12-13,0,Basic,Monthly,APAC,5
ACC_0850,2011-11-24,2011-12-24,0,Basic,Monthly,NA,4
ACC_0851,2011-12-06,2012-01-05,0,Pro,Monthly,NA,3
ACC_0852,2011-09-21,2011-10-21,1,Basic,Annual,APAC,2
ACC_0853,2011-12-07,2012-01-06,0,Pro,Annual,EU,7
ACC_0854,2011-08-18,2011-09-17,1,Enterprise,Monthly,APAC,4
ACC_0855,2011-12-06,2012-01-05,0,Basic,Monthly,NA,4
ACC_0856,2011-12-04,2012-01-03,0,Enterprise,Monthly,APAC,4
ACC_0857,2011-12-09,2012-01-08,0,Pro,Monthly,NA,14
ACC_0858,2011-12-01,2011-12-31,0,Basic,Monthly,NA,6
ACC_0859,2011-09-04,2011-10-04,1,Basic,Monthly,NA,3
ACC_0860,2011-11-18,2011-12-18,0,Pro,Monthly,EU,4
ACC_0861,2011-07-03,2011-08-02,1,Enterprise,Monthly,APAC,3
ACC_0862,2011-10-17,2011-11-16,1,Basic,Monthly,EU,5
ACC_0863,2011-11-14,2011-12-14,0,Basic,Monthly,EU,6
ACC_0864,2011-10-30,2011-11-29,1,Pro,Monthly,NA,3
ACC_0865,2011-11-17,2011-12-17,0,Basic,Annual,NA,3
ACC_0866,2011-11-02,2011-12-02,1,Pro,Annual,NA,2
ACC_0867,2011-11-28,2011-12-28,0,Basic,Annual,NA,6
ACC_0868,2011-11-23,2011-12-23,0,Pro,Annual,NA,3
ACC_0869,2011-12-05,2012-01-04,0,Pro,Monthly,APAC,11
ACC_0870,2011-12-08,2012-01-07,0,Pro,Annual,EU,9
ACC_0871,2011-12-07,2012-01-06,0,Pro,Monthly,EU,8
ACC_0872,2011-12-08,2012-01-07,0,Pro,Monthly,NA,4
ACC_0873,2011-09-15,2011-10-15,1,Pro,Monthly,NA,5
ACC_0874,2011-11-28,2011-12-28,0,Pro,Monthly,NA,6
ACC_0875,2011-12-08,2012-01-07,0,Basic,Monthly,NA,15
ACC_0876,2011-12-07,2012-01-06,0,Pro,Monthly,NA,4
ACC_0877,2011-10-27,2011-11-26,1,Basic,Annual,NA,6
ACC_0878,2011-12-06,2012-01-05,0,Pro,Annual,NA,5
ACC_0879,2011-12-06,2012-01-05,0,Pro,Monthly,EU,3
ACC_0880,2011-11-18,2011-12-18,0,Basic,Monthly,NA,13
ACC_0881,2011-11-10,2011-12-10,0,Basic,Annual,NA,3
ACC_0882,2011-11-18,2011-12-18,0,Basic,Monthly,NA,4
ACC_0883,2011-12-06,2012-01-05,0,Pro,Monthly,NA,15
ACC_0884,2011-11-28,2011-12-28,0,Basic,Monthly,NA,9
ACC_0885,2011-12-04,2012-01-03,0,Basic,Monthly,NA,6
ACC_0886,2011-12-01,2011-12-31,0,Pro,Monthly,EU,4
ACC_0887,2011-12-02,2012-01-01,0,Pro,Annual,NA,4
ACC_0888,2011-12-08,2012-01-07,0,Basic,Annual,APAC,5
ACC_0889,2011-10-31,2011-11-30,1,Basic,Monthly,NA,3
ACC_0890,2011-12-04,2012-01-03,0,Enterprise,Monthly,NA,30
ACC_0891,2011-11-28,2011-12-28,0,Pro,Annual,NA,14
ACC_0892,2011-11-02,2011-12-02,1,Pro,Monthly,NA,2
ACC_0893,2011-12-06,2012-01-05,0,Basic,Monthly,NA,12
ACC_0894,2011-11-11,2011-12-11,0,Basic,Monthly,APAC,3
ACC_0895,2011-12-05,2012-01-04,0,Basic,Monthly,NA,11
ACC_0896,2011-12-05,2012-01-04,0,Pro,Monthly,EU,4
ACC_0897,2011-12-05,2012-01-04,0,Basic,Monthly,NA,26
ACC_0898,2011-11-30,2011-12-30,0,Basic,Monthly,NA,5
ACC_0899,2011-06-19,2011-07-19,1,Pro,Monthly,NA,2
ACC_0900,2011-12-04,2012-01-03,0,Enterprise,Monthly,NA,4
ACC_0901,2011-11-16,2011-12-16,0,Pro,Monthly,NA,8
ACC_0902,2011-12-01,2011-12-31,0,Basic,Annual,APAC,6
ACC_0903,2011-11-23,2011-12-23,0,Basic,Monthly,EU,5
ACC_0904,2011-12-07,2012-01-06,0,Basic,Monthly,APAC,6
ACC_0905,2011-11-28,2011-12-28,0,Basic,Monthly,NA,4
ACC_0906,2011-12-02,2012-01-01,0,Basic,Annual,EU,4
ACC_0907,2011-12-09,2012-01-08,0,Basic,Monthly,EU,5
ACC_0908,2011-12-08,2012-01-07,0,Pro,Annual,EU,5
ACC_0909,2011-11-27,2011-12-27,0,Pro,Monthly,APAC,2
ACC_0910,2011-02-22,2011-03-24,1,Enterprise,Monthly,EU,2
ACC_0911,2011-11-29,2011-12-29,0,Basic,Monthly,APAC,6
ACC_0912,2011-12-01,2011-12-31,0,Basic,Monthly,EU,3
ACC_0913,2011-11-20,2011-12-20,0,Basic,Annual,NA,4
ACC_0914,2011-11-24,2011-12-24,0,Basic,Annual,EU,3
ACC_0915,2011-11-10,2011-12-10,0,Basic,Monthly,NA,8
ACC_0916,2011-12-02,2012-01-01,0,Basic,Annual,APAC,10
ACC_0917,2011-12-06,2012-01-05,0,Pro,Monthly,EU,19
ACC_0918,2011-10-10,2011-11-09,1,Basic,Monthly,NA,2
ACC_0919,2011-12-05,2012-01-04,0,Enterprise,Monthly,NA,14
ACC_0920,2011-11-24,2011-12-24,0,Basic,Monthly,NA,5
ACC_0921,2011-09-23,2011-10-23,1,Basic,Annual,NA,3
ACC_0922,2011-09-29,2011-10-29,1,Basic,Monthly,NA,2
ACC_0923,2011-12-08,2012-01-07,0,Basic,Monthly,EU,23
ACC_0924,2011-12-07,2012-01-06,0,Basic,Monthly,EU,6
ACC_0925,2011-12-06,2012-01-05,0,Enterprise,Monthly,EU,4
ACC_0926,2011-11-30,2011-12-30,0,Basic,Monthly,NA,9
ACC_0927,2011-12-07,2012-01-06,0,Basic,Monthly,NA,3
ACC_0928,2011-12-02,2012-01-01,0,Pro,Monthly,NA,15
ACC_0929,2011-09-11,2011-10-11,1,Basic,Monthly,APAC,3
ACC_0930,2011-11-15,2011-12-15,0,Pro,Monthly,NA,7
ACC_0931,2011-09-28,2011-10-28,1,Basic,Monthly,NA,5
ACC_0932,2011-12-07,2012-01-06,0,Pro,Monthly,NA,11
ACC_0933,2011-12-06,2012-01-05,0,Basic,Annual,EU,5
ACC_0934,2011-10-28,2011-11-27,1,Basic,Annual,NA,3
